[RTTRemoteMenuController#1] Update #1141, vm=OK, rig=NULL, phase=ConfiguringSettings, streaming=False, panels=NULL, goActive=True
UnityEngine.Debug:Log (object)
RTTRemoteMenuController:Update () (at Assets/VR-Workspace/Scripts/UI/RTT/Controllers/RTTRemoteMenuController.cs:239)

[PhaseProtocol] Received: pong...
UnityEngine.Debug:Log (object)
VRWorkspace.Streaming.PhaseProtocolClient/<HandleTextMessageAsync>d__94:MoveNext () (at Assets/VR-Workspace/Scripts/Streaming/PhaseProtocolClient.cs:420)
System.Runtime.CompilerServices.AsyncTaskMethodBuilder:Start<VRWorkspace.Streaming.PhaseProtocolClient/<HandleTextMessageAsync>d__94> (VRWorkspace.Streaming.PhaseProtocolClient/<HandleTextMessageAsync>d__94&)
VRWorkspace.Streaming.PhaseProtocolClient:HandleTextMessageAsync (string)
VRWorkspace.Streaming.PhaseProtocolClient/<ReceiveLoopAsync>d__93:MoveNext () (at Assets/VR-Workspace/Scripts/Streaming/PhaseProtocolClient.cs:397)
UnityEngine.UnitySynchronizationContext:ExecuteTasks ()

[RTTRemoteMenuController#1] Update #1201, vm=OK, rig=NULL, phase=ConfiguringSettings, streaming=False, panels=NULL, goActive=True
UnityEngine.Debug:Log (object)
RTTRemoteMenuController:Update () (at Assets/VR-Workspace/Scripts/UI/RTT/Controllers/RTTRemoteMenuController.cs:239)

[RTTRemoteMenuController#1] Update #1261, vm=OK, rig=NULL, phase=ConfiguringSettings, streaming=False, panels=NULL, goActive=True
UnityEngine.Debug:Log (object)
RTTRemoteMenuController:Update () (at Assets/VR-Workspace/Scripts/UI/RTT/Controllers/RTTRemoteMenuController.cs:239)

[RTTRemoteMenu] Button clicked! viewModel=True, currentPhase=ConfiguringSettings
UnityEngine.Debug:Log (object)
RTTRemoteMenu/<OnConnectButtonClicked>d__71:MoveNext () (at Assets/VR-Workspace/Scripts/UI/RTT/Components/RTTRemoteMenu.cs:363)
System.Runtime.CompilerServices.AsyncVoidMethodBuilder:Start<RTTRemoteMenu/<OnConnectButtonClicked>d__71> (RTTRemoteMenu/<OnConnectButtonClicked>d__71&)
RTTRemoteMenu:OnConnectButtonClicked ()
UnityEngine.EventSystems.ExecuteEvents:Execute<UnityEngine.EventSystems.IPointerClickHandler> (UnityEngine.GameObject,UnityEngine.EventSystems.BaseEventData,UnityEngine.EventSystems.ExecuteEvents/EventFunction`1<UnityEngine.EventSystems.IPointerClickHandler>)
RTTRaycastManager:SendClick () (at Assets/VR-Workspace/Scripts/UI/RTT/Input/RTTRaycastManager.cs:331)
VRGazeReticle:ProcessDwellClickRTT (UnityEngine.Vector3) (at Assets/VR-Workspace/Scripts/Input/VRGazeReticle.cs:662)
VRGazeReticle:CheckGaze () (at Assets/VR-Workspace/Scripts/Input/VRGazeReticle.cs:432)
VRGazeReticle:Update () (at Assets/VR-Workspace/Scripts/Input/VRGazeReticle.cs:305)

[RTTRemoteMenu] Starting with progress UI...
UnityEngine.Debug:Log (object)
RTTRemoteMenu/<OnConnectButtonClicked>d__71:MoveNext () (at Assets/VR-Workspace/Scripts/UI/RTT/Components/RTTRemoteMenu.cs:414)
System.Runtime.CompilerServices.AsyncVoidMethodBuilder:Start<RTTRemoteMenu/<OnConnectButtonClicked>d__71> (RTTRemoteMenu/<OnConnectButtonClicked>d__71&)
RTTRemoteMenu:OnConnectButtonClicked ()
UnityEngine.EventSystems.ExecuteEvents:Execute<UnityEngine.EventSystems.IPointerClickHandler> (UnityEngine.GameObject,UnityEngine.EventSystems.BaseEventData,UnityEngine.EventSystems.ExecuteEvents/EventFunction`1<UnityEngine.EventSystems.IPointerClickHandler>)
RTTRaycastManager:SendClick () (at Assets/VR-Workspace/Scripts/UI/RTT/Input/RTTRaycastManager.cs:331)
VRGazeReticle:ProcessDwellClickRTT (UnityEngine.Vector3) (at Assets/VR-Workspace/Scripts/Input/VRGazeReticle.cs:662)
VRGazeReticle:CheckGaze () (at Assets/VR-Workspace/Scripts/Input/VRGazeReticle.cs:432)
VRGazeReticle:Update () (at Assets/VR-Workspace/Scripts/Input/VRGazeReticle.cs:305)

[RemotePreferences] Saved to C:/Users/Admin/AppData/LocalLow/Reka/VRWorkSpace\remote_preferences.json
UnityEngine.Debug:Log (object)
VRWorkspace.Streaming.RemotePreferences:Save () (at Assets/VR-Workspace/Scripts/Streaming/RemotePreferences.cs:60)
RTTRemoteMenu:SaveCurrentSelections () (at Assets/VR-Workspace/Scripts/UI/RTT/Components/RTTRemoteMenu.cs:1045)
RTTRemoteMenu/<OnConnectButtonClicked>d__71:MoveNext () (at Assets/VR-Workspace/Scripts/UI/RTT/Components/RTTRemoteMenu.cs:418)
System.Runtime.CompilerServices.AsyncVoidMethodBuilder:Start<RTTRemoteMenu/<OnConnectButtonClicked>d__71> (RTTRemoteMenu/<OnConnectButtonClicked>d__71&)
RTTRemoteMenu:OnConnectButtonClicked ()
UnityEngine.EventSystems.ExecuteEvents:Execute<UnityEngine.EventSystems.IPointerClickHandler> (UnityEngine.GameObject,UnityEngine.EventSystems.BaseEventData,UnityEngine.EventSystems.ExecuteEvents/EventFunction`1<UnityEngine.EventSystems.IPointerClickHandler>)
RTTRaycastManager:SendClick () (at Assets/VR-Workspace/Scripts/UI/RTT/Input/RTTRaycastManager.cs:331)
VRGazeReticle:ProcessDwellClickRTT (UnityEngine.Vector3) (at Assets/VR-Workspace/Scripts/Input/VRGazeReticle.cs:662)
VRGazeReticle:CheckGaze () (at Assets/VR-Workspace/Scripts/Input/VRGazeReticle.cs:432)
VRGazeReticle:Update () (at Assets/VR-Workspace/Scripts/Input/VRGazeReticle.cs:305)

[RTTRemoteMenu] Saved preferences: 1mon, 1920 x 1080, 10 Mbps, 60 FPS
UnityEngine.Debug:Log (object)
RTTRemoteMenu:SaveCurrentSelections () (at Assets/VR-Workspace/Scripts/UI/RTT/Components/RTTRemoteMenu.cs:1046)
RTTRemoteMenu/<OnConnectButtonClicked>d__71:MoveNext () (at Assets/VR-Workspace/Scripts/UI/RTT/Components/RTTRemoteMenu.cs:418)
System.Runtime.CompilerServices.AsyncVoidMethodBuilder:Start<RTTRemoteMenu/<OnConnectButtonClicked>d__71> (RTTRemoteMenu/<OnConnectButtonClicked>d__71&)
RTTRemoteMenu:OnConnectButtonClicked ()
UnityEngine.EventSystems.ExecuteEvents:Execute<UnityEngine.EventSystems.IPointerClickHandler> (UnityEngine.GameObject,UnityEngine.EventSystems.BaseEventData,UnityEngine.EventSystems.ExecuteEvents/EventFunction`1<UnityEngine.EventSystems.IPointerClickHandler>)
RTTRaycastManager:SendClick () (at Assets/VR-Workspace/Scripts/UI/RTT/Input/RTTRaycastManager.cs:331)
VRGazeReticle:ProcessDwellClickRTT (UnityEngine.Vector3) (at Assets/VR-Workspace/Scripts/Input/VRGazeReticle.cs:662)
VRGazeReticle:CheckGaze () (at Assets/VR-Workspace/Scripts/Input/VRGazeReticle.cs:432)
VRGazeReticle:Update () (at Assets/VR-Workspace/Scripts/Input/VRGazeReticle.cs:305)

[RTTRemoteMenu] Hardware frame hidden
UnityEngine.Debug:Log (object)
RTTRemoteMenu:HideSidePanels () (at Assets/VR-Workspace/Scripts/UI/RTT/Components/RTTRemoteMenu.cs:1485)
RTTRemoteMenu:HideMenu () (at Assets/VR-Workspace/Scripts/UI/RTT/Components/RTTRemoteMenu.cs:532)
RTTRemoteMenu/<OnConnectButtonClicked>d__71:MoveNext () (at Assets/VR-Workspace/Scripts/UI/RTT/Components/RTTRemoteMenu.cs:421)
System.Runtime.CompilerServices.AsyncVoidMethodBuilder:Start<RTTRemoteMenu/<OnConnectButtonClicked>d__71> (RTTRemoteMenu/<OnConnectButtonClicked>d__71&)
RTTRemoteMenu:OnConnectButtonClicked ()
UnityEngine.EventSystems.ExecuteEvents:Execute<UnityEngine.EventSystems.IPointerClickHandler> (UnityEngine.GameObject,UnityEngine.EventSystems.BaseEventData,UnityEngine.EventSystems.ExecuteEvents/EventFunction`1<UnityEngine.EventSystems.IPointerClickHandler>)
RTTRaycastManager:SendClick () (at Assets/VR-Workspace/Scripts/UI/RTT/Input/RTTRaycastManager.cs:331)
VRGazeReticle:ProcessDwellClickRTT (UnityEngine.Vector3) (at Assets/VR-Workspace/Scripts/Input/VRGazeReticle.cs:662)
VRGazeReticle:CheckGaze () (at Assets/VR-Workspace/Scripts/Input/VRGazeReticle.cs:432)
VRGazeReticle:Update () (at Assets/VR-Workspace/Scripts/Input/VRGazeReticle.cs:305)

[RTTRemoteMenu] Network frame hidden
UnityEngine.Debug:Log (object)
RTTRemoteMenu:HideSidePanels () (at Assets/VR-Workspace/Scripts/UI/RTT/Components/RTTRemoteMenu.cs:1492)
RTTRemoteMenu:HideMenu () (at Assets/VR-Workspace/Scripts/UI/RTT/Components/RTTRemoteMenu.cs:532)
RTTRemoteMenu/<OnConnectButtonClicked>d__71:MoveNext () (at Assets/VR-Workspace/Scripts/UI/RTT/Components/RTTRemoteMenu.cs:421)
System.Runtime.CompilerServices.AsyncVoidMethodBuilder:Start<RTTRemoteMenu/<OnConnectButtonClicked>d__71> (RTTRemoteMenu/<OnConnectButtonClicked>d__71&)
RTTRemoteMenu:OnConnectButtonClicked ()
UnityEngine.EventSystems.ExecuteEvents:Execute<UnityEngine.EventSystems.IPointerClickHandler> (UnityEngine.GameObject,UnityEngine.EventSystems.BaseEventData,UnityEngine.EventSystems.ExecuteEvents/EventFunction`1<UnityEngine.EventSystems.IPointerClickHandler>)
RTTRaycastManager:SendClick () (at Assets/VR-Workspace/Scripts/UI/RTT/Input/RTTRaycastManager.cs:331)
VRGazeReticle:ProcessDwellClickRTT (UnityEngine.Vector3) (at Assets/VR-Workspace/Scripts/Input/VRGazeReticle.cs:662)
VRGazeReticle:CheckGaze () (at Assets/VR-Workspace/Scripts/Input/VRGazeReticle.cs:432)
VRGazeReticle:Update () (at Assets/VR-Workspace/Scripts/Input/VRGazeReticle.cs:305)

[RTTRemoteMenu] HideSidePanels completed
UnityEngine.Debug:Log (object)
RTTRemoteMenu:HideSidePanels () (at Assets/VR-Workspace/Scripts/UI/RTT/Components/RTTRemoteMenu.cs:1495)
RTTRemoteMenu:HideMenu () (at Assets/VR-Workspace/Scripts/UI/RTT/Components/RTTRemoteMenu.cs:532)
RTTRemoteMenu/<OnConnectButtonClicked>d__71:MoveNext () (at Assets/VR-Workspace/Scripts/UI/RTT/Components/RTTRemoteMenu.cs:421)
System.Runtime.CompilerServices.AsyncVoidMethodBuilder:Start<RTTRemoteMenu/<OnConnectButtonClicked>d__71> (RTTRemoteMenu/<OnConnectButtonClicked>d__71&)
RTTRemoteMenu:OnConnectButtonClicked ()
UnityEngine.EventSystems.ExecuteEvents:Execute<UnityEngine.EventSystems.IPointerClickHandler> (UnityEngine.GameObject,UnityEngine.EventSystems.BaseEventData,UnityEngine.EventSystems.ExecuteEvents/EventFunction`1<UnityEngine.EventSystems.IPointerClickHandler>)
RTTRaycastManager:SendClick () (at Assets/VR-Workspace/Scripts/UI/RTT/Input/RTTRaycastManager.cs:331)
VRGazeReticle:ProcessDwellClickRTT (UnityEngine.Vector3) (at Assets/VR-Workspace/Scripts/Input/VRGazeReticle.cs:662)
VRGazeReticle:CheckGaze () (at Assets/VR-Workspace/Scripts/Input/VRGazeReticle.cs:432)
VRGazeReticle:Update () (at Assets/VR-Workspace/Scripts/Input/VRGazeReticle.cs:305)

[RTTRemoteMenu] Menu hidden
UnityEngine.Debug:Log (object)
RTTRemoteMenu:HideMenu () (at Assets/VR-Workspace/Scripts/UI/RTT/Components/RTTRemoteMenu.cs:533)
RTTRemoteMenu/<OnConnectButtonClicked>d__71:MoveNext () (at Assets/VR-Workspace/Scripts/UI/RTT/Components/RTTRemoteMenu.cs:421)
System.Runtime.CompilerServices.AsyncVoidMethodBuilder:Start<RTTRemoteMenu/<OnConnectButtonClicked>d__71> (RTTRemoteMenu/<OnConnectButtonClicked>d__71&)
RTTRemoteMenu:OnConnectButtonClicked ()
UnityEngine.EventSystems.ExecuteEvents:Execute<UnityEngine.EventSystems.IPointerClickHandler> (UnityEngine.GameObject,UnityEngine.EventSystems.BaseEventData,UnityEngine.EventSystems.ExecuteEvents/EventFunction`1<UnityEngine.EventSystems.IPointerClickHandler>)
RTTRaycastManager:SendClick () (at Assets/VR-Workspace/Scripts/UI/RTT/Input/RTTRaycastManager.cs:331)
VRGazeReticle:ProcessDwellClickRTT (UnityEngine.Vector3) (at Assets/VR-Workspace/Scripts/Input/VRGazeReticle.cs:662)
VRGazeReticle:CheckGaze () (at Assets/VR-Workspace/Scripts/Input/VRGazeReticle.cs:432)
VRGazeReticle:Update () (at Assets/VR-Workspace/Scripts/Input/VRGazeReticle.cs:305)

[RTTRemoteMenu] BuildConfigFromForm: 2mon @ 1920x1080, 60fps, 10000kbps
UnityEngine.Debug:Log (object)
RTTRemoteMenu:BuildConfigFromForm () (at Assets/VR-Workspace/Scripts/UI/RTT/Components/RTTRemoteMenu.cs:507)
RTTRemoteMenu/<OnConnectButtonClicked>d__71:MoveNext () (at Assets/VR-Workspace/Scripts/UI/RTT/Components/RTTRemoteMenu.cs:424)
System.Runtime.CompilerServices.AsyncVoidMethodBuilder:Start<RTTRemoteMenu/<OnConnectButtonClicked>d__71> (RTTRemoteMenu/<OnConnectButtonClicked>d__71&)
RTTRemoteMenu:OnConnectButtonClicked ()
UnityEngine.EventSystems.ExecuteEvents:Execute<UnityEngine.EventSystems.IPointerClickHandler> (UnityEngine.GameObject,UnityEngine.EventSystems.BaseEventData,UnityEngine.EventSystems.ExecuteEvents/EventFunction`1<UnityEngine.EventSystems.IPointerClickHandler>)
RTTRaycastManager:SendClick () (at Assets/VR-Workspace/Scripts/UI/RTT/Input/RTTRaycastManager.cs:331)
VRGazeReticle:ProcessDwellClickRTT (UnityEngine.Vector3) (at Assets/VR-Workspace/Scripts/Input/VRGazeReticle.cs:662)
VRGazeReticle:CheckGaze () (at Assets/VR-Workspace/Scripts/Input/VRGazeReticle.cs:432)
VRGazeReticle:Update () (at Assets/VR-Workspace/Scripts/Input/VRGazeReticle.cs:305)

[ConnectionViewModel] StartWithProgressAsync: 2 monitors
UnityEngine.Debug:Log (object)
VRWorkspace.ViewModels.ConnectionViewModel/<StartWithProgressAsync>d__88:MoveNext () (at Assets/VR-Workspace/Scripts/ViewModels/ConnectionViewModel.cs:351)
System.Runtime.CompilerServices.AsyncTaskMethodBuilder:Start<VRWorkspace.ViewModels.ConnectionViewModel/<StartWithProgressAsync>d__88> (VRWorkspace.ViewModels.ConnectionViewModel/<StartWithProgressAsync>d__88&)
VRWorkspace.ViewModels.ConnectionViewModel:StartWithProgressAsync (VRWorkspace.Streaming.StreamingConfig)
RTTRemoteMenu/<OnConnectButtonClicked>d__71:MoveNext () (at Assets/VR-Workspace/Scripts/UI/RTT/Components/RTTRemoteMenu.cs:429)
System.Runtime.CompilerServices.AsyncVoidMethodBuilder:Start<RTTRemoteMenu/<OnConnectButtonClicked>d__71> (RTTRemoteMenu/<OnConnectButtonClicked>d__71&)
RTTRemoteMenu:OnConnectButtonClicked ()
UnityEngine.EventSystems.ExecuteEvents:Execute<UnityEngine.EventSystems.IPointerClickHandler> (UnityEngine.GameObject,UnityEngine.EventSystems.BaseEventData,UnityEngine.EventSystems.ExecuteEvents/EventFunction`1<UnityEngine.EventSystems.IPointerClickHandler>)
RTTRaycastManager:SendClick () (at Assets/VR-Workspace/Scripts/UI/RTT/Input/RTTRaycastManager.cs:331)
VRGazeReticle:ProcessDwellClickRTT (UnityEngine.Vector3) (at Assets/VR-Workspace/Scripts/Input/VRGazeReticle.cs:662)
VRGazeReticle:CheckGaze () (at Assets/VR-Workspace/Scripts/Input/VRGazeReticle.cs:432)
VRGazeReticle:Update () (at Assets/VR-Workspace/Scripts/Input/VRGazeReticle.cs:305)

[RTTRemoteMenuController#1] StartWithProgress: 2 monitors
UnityEngine.Debug:Log (object)
RTTRemoteMenuController:HandleStartWithProgress (VRWorkspace.Streaming.StreamingConfig) (at Assets/VR-Workspace/Scripts/UI/RTT/Controllers/RTTRemoteMenuController.cs:388)
VRWorkspace.ViewModels.ConnectionViewModel/<StartWithProgressAsync>d__88:MoveNext () (at Assets/VR-Workspace/Scripts/ViewModels/ConnectionViewModel.cs:354)
System.Runtime.CompilerServices.AsyncTaskMethodBuilder:Start<VRWorkspace.ViewModels.ConnectionViewModel/<StartWithProgressAsync>d__88> (VRWorkspace.ViewModels.ConnectionViewModel/<StartWithProgressAsync>d__88&)
VRWorkspace.ViewModels.ConnectionViewModel:StartWithProgressAsync (VRWorkspace.Streaming.StreamingConfig)
RTTRemoteMenu/<OnConnectButtonClicked>d__71:MoveNext () (at Assets/VR-Workspace/Scripts/UI/RTT/Components/RTTRemoteMenu.cs:429)
System.Runtime.CompilerServices.AsyncVoidMethodBuilder:Start<RTTRemoteMenu/<OnConnectButtonClicked>d__71> (RTTRemoteMenu/<OnConnectButtonClicked>d__71&)
RTTRemoteMenu:OnConnectButtonClicked ()
UnityEngine.EventSystems.ExecuteEvents:Execute<UnityEngine.EventSystems.IPointerClickHandler> (UnityEngine.GameObject,UnityEngine.EventSystems.BaseEventData,UnityEngine.EventSystems.ExecuteEvents/EventFunction`1<UnityEngine.EventSystems.IPointerClickHandler>)
RTTRaycastManager:SendClick () (at Assets/VR-Workspace/Scripts/UI/RTT/Input/RTTRaycastManager.cs:331)
VRGazeReticle:ProcessDwellClickRTT (UnityEngine.Vector3) (at Assets/VR-Workspace/Scripts/Input/VRGazeReticle.cs:662)
VRGazeReticle:CheckGaze () (at Assets/VR-Workspace/Scripts/Input/VRGazeReticle.cs:432)
VRGazeReticle:Update () (at Assets/VR-Workspace/Scripts/Input/VRGazeReticle.cs:305)

[RTTRemoteMenuController#1] connectionPipeline=OK
UnityEngine.Debug:Log (object)
RTTRemoteMenuController:HandleStartWithProgress (VRWorkspace.Streaming.StreamingConfig) (at Assets/VR-Workspace/Scripts/UI/RTT/Controllers/RTTRemoteMenuController.cs:392)
VRWorkspace.ViewModels.ConnectionViewModel/<StartWithProgressAsync>d__88:MoveNext () (at Assets/VR-Workspace/Scripts/ViewModels/ConnectionViewModel.cs:354)
System.Runtime.CompilerServices.AsyncTaskMethodBuilder:Start<VRWorkspace.ViewModels.ConnectionViewModel/<StartWithProgressAsync>d__88> (VRWorkspace.ViewModels.ConnectionViewModel/<StartWithProgressAsync>d__88&)
VRWorkspace.ViewModels.ConnectionViewModel:StartWithProgressAsync (VRWorkspace.Streaming.StreamingConfig)
RTTRemoteMenu/<OnConnectButtonClicked>d__71:MoveNext () (at Assets/VR-Workspace/Scripts/UI/RTT/Components/RTTRemoteMenu.cs:429)
System.Runtime.CompilerServices.AsyncVoidMethodBuilder:Start<RTTRemoteMenu/<OnConnectButtonClicked>d__71> (RTTRemoteMenu/<OnConnectButtonClicked>d__71&)
RTTRemoteMenu:OnConnectButtonClicked ()
UnityEngine.EventSystems.ExecuteEvents:Execute<UnityEngine.EventSystems.IPointerClickHandler> (UnityEngine.GameObject,UnityEngine.EventSystems.BaseEventData,UnityEngine.EventSystems.ExecuteEvents/EventFunction`1<UnityEngine.EventSystems.IPointerClickHandler>)
RTTRaycastManager:SendClick () (at Assets/VR-Workspace/Scripts/UI/RTT/Input/RTTRaycastManager.cs:331)
VRGazeReticle:ProcessDwellClickRTT (UnityEngine.Vector3) (at Assets/VR-Workspace/Scripts/Input/VRGazeReticle.cs:662)
VRGazeReticle:CheckGaze () (at Assets/VR-Workspace/Scripts/Input/VRGazeReticle.cs:432)
VRGazeReticle:Update () (at Assets/VR-Workspace/Scripts/Input/VRGazeReticle.cs:305)

[RTTRemoteMenuController#1] _clusterRig=OK (WorldPanelClusterRig)
UnityEngine.Debug:Log (object)
RTTRemoteMenuController:HandleStartWithProgress (VRWorkspace.Streaming.StreamingConfig) (at Assets/VR-Workspace/Scripts/UI/RTT/Controllers/RTTRemoteMenuController.cs:395)
VRWorkspace.ViewModels.ConnectionViewModel/<StartWithProgressAsync>d__88:MoveNext () (at Assets/VR-Workspace/Scripts/ViewModels/ConnectionViewModel.cs:354)
System.Runtime.CompilerServices.AsyncTaskMethodBuilder:Start<VRWorkspace.ViewModels.ConnectionViewModel/<StartWithProgressAsync>d__88> (VRWorkspace.ViewModels.ConnectionViewModel/<StartWithProgressAsync>d__88&)
VRWorkspace.ViewModels.ConnectionViewModel:StartWithProgressAsync (VRWorkspace.Streaming.StreamingConfig)
RTTRemoteMenu/<OnConnectButtonClicked>d__71:MoveNext () (at Assets/VR-Workspace/Scripts/UI/RTT/Components/RTTRemoteMenu.cs:429)
System.Runtime.CompilerServices.AsyncVoidMethodBuilder:Start<RTTRemoteMenu/<OnConnectButtonClicked>d__71> (RTTRemoteMenu/<OnConnectButtonClicked>d__71&)
RTTRemoteMenu:OnConnectButtonClicked ()
UnityEngine.EventSystems.ExecuteEvents:Execute<UnityEngine.EventSystems.IPointerClickHandler> (UnityEngine.GameObject,UnityEngine.EventSystems.BaseEventData,UnityEngine.EventSystems.ExecuteEvents/EventFunction`1<UnityEngine.EventSystems.IPointerClickHandler>)
RTTRaycastManager:SendClick () (at Assets/VR-Workspace/Scripts/UI/RTT/Input/RTTRaycastManager.cs:331)
VRGazeReticle:ProcessDwellClickRTT (UnityEngine.Vector3) (at Assets/VR-Workspace/Scripts/Input/VRGazeReticle.cs:662)
VRGazeReticle:CheckGaze () (at Assets/VR-Workspace/Scripts/Input/VRGazeReticle.cs:432)
VRGazeReticle:Update () (at Assets/VR-Workspace/Scripts/Input/VRGazeReticle.cs:305)

[RTTRemoteMenuController#1] _viewModel=OK
UnityEngine.Debug:Log (object)
RTTRemoteMenuController:HandleStartWithProgress (VRWorkspace.Streaming.StreamingConfig) (at Assets/VR-Workspace/Scripts/UI/RTT/Controllers/RTTRemoteMenuController.cs:396)
VRWorkspace.ViewModels.ConnectionViewModel/<StartWithProgressAsync>d__88:MoveNext () (at Assets/VR-Workspace/Scripts/ViewModels/ConnectionViewModel.cs:354)
System.Runtime.CompilerServices.AsyncTaskMethodBuilder:Start<VRWorkspace.ViewModels.ConnectionViewModel/<StartWithProgressAsync>d__88> (VRWorkspace.ViewModels.ConnectionViewModel/<StartWithProgressAsync>d__88&)
VRWorkspace.ViewModels.ConnectionViewModel:StartWithProgressAsync (VRWorkspace.Streaming.StreamingConfig)
RTTRemoteMenu/<OnConnectButtonClicked>d__71:MoveNext () (at Assets/VR-Workspace/Scripts/UI/RTT/Components/RTTRemoteMenu.cs:429)
System.Runtime.CompilerServices.AsyncVoidMethodBuilder:Start<RTTRemoteMenu/<OnConnectButtonClicked>d__71> (RTTRemoteMenu/<OnConnectButtonClicked>d__71&)
RTTRemoteMenu:OnConnectButtonClicked ()
UnityEngine.EventSystems.ExecuteEvents:Execute<UnityEngine.EventSystems.IPointerClickHandler> (UnityEngine.GameObject,UnityEngine.EventSystems.BaseEventData,UnityEngine.EventSystems.ExecuteEvents/EventFunction`1<UnityEngine.EventSystems.IPointerClickHandler>)
RTTRaycastManager:SendClick () (at Assets/VR-Workspace/Scripts/UI/RTT/Input/RTTRaycastManager.cs:331)
VRGazeReticle:ProcessDwellClickRTT (UnityEngine.Vector3) (at Assets/VR-Workspace/Scripts/Input/VRGazeReticle.cs:662)
VRGazeReticle:CheckGaze () (at Assets/VR-Workspace/Scripts/Input/VRGazeReticle.cs:432)
VRGazeReticle:Update () (at Assets/VR-Workspace/Scripts/Input/VRGazeReticle.cs:305)

[WorldPanelClusterRig] Built 2 panels with cluster visuals
UnityEngine.Debug:Log (object)
WorldPanelClusterRig:BuildWithPanelCount (int) (at Assets/VR-Workspace/Scripts/Panel/WorldPanelClusterRig.cs:102)
RTTRemoteMenuController:HandleStartWithProgress (VRWorkspace.Streaming.StreamingConfig) (at Assets/VR-Workspace/Scripts/UI/RTT/Controllers/RTTRemoteMenuController.cs:405)
VRWorkspace.ViewModels.ConnectionViewModel/<StartWithProgressAsync>d__88:MoveNext () (at Assets/VR-Workspace/Scripts/ViewModels/ConnectionViewModel.cs:354)
System.Runtime.CompilerServices.AsyncTaskMethodBuilder:Start<VRWorkspace.ViewModels.ConnectionViewModel/<StartWithProgressAsync>d__88> (VRWorkspace.ViewModels.ConnectionViewModel/<StartWithProgressAsync>d__88&)
VRWorkspace.ViewModels.ConnectionViewModel:StartWithProgressAsync (VRWorkspace.Streaming.StreamingConfig)
RTTRemoteMenu/<OnConnectButtonClicked>d__71:MoveNext () (at Assets/VR-Workspace/Scripts/UI/RTT/Components/RTTRemoteMenu.cs:429)
System.Runtime.CompilerServices.AsyncVoidMethodBuilder:Start<RTTRemoteMenu/<OnConnectButtonClicked>d__71> (RTTRemoteMenu/<OnConnectButtonClicked>d__71&)
RTTRemoteMenu:OnConnectButtonClicked ()
UnityEngine.EventSystems.ExecuteEvents:Execute<UnityEngine.EventSystems.IPointerClickHandler> (UnityEngine.GameObject,UnityEngine.EventSystems.BaseEventData,UnityEngine.EventSystems.ExecuteEvents/EventFunction`1<UnityEngine.EventSystems.IPointerClickHandler>)
RTTRaycastManager:SendClick () (at Assets/VR-Workspace/Scripts/UI/RTT/Input/RTTRaycastManager.cs:331)
VRGazeReticle:ProcessDwellClickRTT (UnityEngine.Vector3) (at Assets/VR-Workspace/Scripts/Input/VRGazeReticle.cs:662)
VRGazeReticle:CheckGaze () (at Assets/VR-Workspace/Scripts/Input/VRGazeReticle.cs:432)
VRGazeReticle:Update () (at Assets/VR-Workspace/Scripts/Input/VRGazeReticle.cs:305)

[RTTRemoteMenuController#1] After BuildWithPanelCount: panels.Count=2
UnityEngine.Debug:Log (object)
RTTRemoteMenuController:HandleStartWithProgress (VRWorkspace.Streaming.StreamingConfig) (at Assets/VR-Workspace/Scripts/UI/RTT/Controllers/RTTRemoteMenuController.cs:406)
VRWorkspace.ViewModels.ConnectionViewModel/<StartWithProgressAsync>d__88:MoveNext () (at Assets/VR-Workspace/Scripts/ViewModels/ConnectionViewModel.cs:354)
System.Runtime.CompilerServices.AsyncTaskMethodBuilder:Start<VRWorkspace.ViewModels.ConnectionViewModel/<StartWithProgressAsync>d__88> (VRWorkspace.ViewModels.ConnectionViewModel/<StartWithProgressAsync>d__88&)
VRWorkspace.ViewModels.ConnectionViewModel:StartWithProgressAsync (VRWorkspace.Streaming.StreamingConfig)
RTTRemoteMenu/<OnConnectButtonClicked>d__71:MoveNext () (at Assets/VR-Workspace/Scripts/UI/RTT/Components/RTTRemoteMenu.cs:429)
System.Runtime.CompilerServices.AsyncVoidMethodBuilder:Start<RTTRemoteMenu/<OnConnectButtonClicked>d__71> (RTTRemoteMenu/<OnConnectButtonClicked>d__71&)
RTTRemoteMenu:OnConnectButtonClicked ()
UnityEngine.EventSystems.ExecuteEvents:Execute<UnityEngine.EventSystems.IPointerClickHandler> (UnityEngine.GameObject,UnityEngine.EventSystems.BaseEventData,UnityEngine.EventSystems.ExecuteEvents/EventFunction`1<UnityEngine.EventSystems.IPointerClickHandler>)
RTTRaycastManager:SendClick () (at Assets/VR-Workspace/Scripts/UI/RTT/Input/RTTRaycastManager.cs:331)
VRGazeReticle:ProcessDwellClickRTT (UnityEngine.Vector3) (at Assets/VR-Workspace/Scripts/Input/VRGazeReticle.cs:662)
VRGazeReticle:CheckGaze () (at Assets/VR-Workspace/Scripts/Input/VRGazeReticle.cs:432)
VRGazeReticle:Update () (at Assets/VR-Workspace/Scripts/Input/VRGazeReticle.cs:305)

[RTTRemoteMenuController#1] Started WebRTC.Update() coroutine
UnityEngine.Debug:Log (object)
RTTRemoteMenuController:HandleStartWithProgress (VRWorkspace.Streaming.StreamingConfig) (at Assets/VR-Workspace/Scripts/UI/RTT/Controllers/RTTRemoteMenuController.cs:412)
VRWorkspace.ViewModels.ConnectionViewModel/<StartWithProgressAsync>d__88:MoveNext () (at Assets/VR-Workspace/Scripts/ViewModels/ConnectionViewModel.cs:354)
System.Runtime.CompilerServices.AsyncTaskMethodBuilder:Start<VRWorkspace.ViewModels.ConnectionViewModel/<StartWithProgressAsync>d__88> (VRWorkspace.ViewModels.ConnectionViewModel/<StartWithProgressAsync>d__88&)
VRWorkspace.ViewModels.ConnectionViewModel:StartWithProgressAsync (VRWorkspace.Streaming.StreamingConfig)
RTTRemoteMenu/<OnConnectButtonClicked>d__71:MoveNext () (at Assets/VR-Workspace/Scripts/UI/RTT/Components/RTTRemoteMenu.cs:429)
System.Runtime.CompilerServices.AsyncVoidMethodBuilder:Start<RTTRemoteMenu/<OnConnectButtonClicked>d__71> (RTTRemoteMenu/<OnConnectButtonClicked>d__71&)
RTTRemoteMenu:OnConnectButtonClicked ()
UnityEngine.EventSystems.ExecuteEvents:Execute<UnityEngine.EventSystems.IPointerClickHandler> (UnityEngine.GameObject,UnityEngine.EventSystems.BaseEventData,UnityEngine.EventSystems.ExecuteEvents/EventFunction`1<UnityEngine.EventSystems.IPointerClickHandler>)
RTTRaycastManager:SendClick () (at Assets/VR-Workspace/Scripts/UI/RTT/Input/RTTRaycastManager.cs:331)
VRGazeReticle:ProcessDwellClickRTT (UnityEngine.Vector3) (at Assets/VR-Workspace/Scripts/Input/VRGazeReticle.cs:662)
VRGazeReticle:CheckGaze () (at Assets/VR-Workspace/Scripts/Input/VRGazeReticle.cs:432)
VRGazeReticle:Update () (at Assets/VR-Workspace/Scripts/Input/VRGazeReticle.cs:305)

[RTTRemoteMenuController] Created 2 progress overlays
UnityEngine.Debug:Log (object)
RTTRemoteMenuController:HandleStartWithProgress (VRWorkspace.Streaming.StreamingConfig) (at Assets/VR-Workspace/Scripts/UI/RTT/Controllers/RTTRemoteMenuController.cs:443)
VRWorkspace.ViewModels.ConnectionViewModel/<StartWithProgressAsync>d__88:MoveNext () (at Assets/VR-Workspace/Scripts/ViewModels/ConnectionViewModel.cs:354)
System.Runtime.CompilerServices.AsyncTaskMethodBuilder:Start<VRWorkspace.ViewModels.ConnectionViewModel/<StartWithProgressAsync>d__88> (VRWorkspace.ViewModels.ConnectionViewModel/<StartWithProgressAsync>d__88&)
VRWorkspace.ViewModels.ConnectionViewModel:StartWithProgressAsync (VRWorkspace.Streaming.StreamingConfig)
RTTRemoteMenu/<OnConnectButtonClicked>d__71:MoveNext () (at Assets/VR-Workspace/Scripts/UI/RTT/Components/RTTRemoteMenu.cs:429)
System.Runtime.CompilerServices.AsyncVoidMethodBuilder:Start<RTTRemoteMenu/<OnConnectButtonClicked>d__71> (RTTRemoteMenu/<OnConnectButtonClicked>d__71&)
RTTRemoteMenu:OnConnectButtonClicked ()
UnityEngine.EventSystems.ExecuteEvents:Execute<UnityEngine.EventSystems.IPointerClickHandler> (UnityEngine.GameObject,UnityEngine.EventSystems.BaseEventData,UnityEngine.EventSystems.ExecuteEvents/EventFunction`1<UnityEngine.EventSystems.IPointerClickHandler>)
RTTRaycastManager:SendClick () (at Assets/VR-Workspace/Scripts/UI/RTT/Input/RTTRaycastManager.cs:331)
VRGazeReticle:ProcessDwellClickRTT (UnityEngine.Vector3) (at Assets/VR-Workspace/Scripts/Input/VRGazeReticle.cs:662)
VRGazeReticle:CheckGaze () (at Assets/VR-Workspace/Scripts/Input/VRGazeReticle.cs:432)
VRGazeReticle:Update () (at Assets/VR-Workspace/Scripts/Input/VRGazeReticle.cs:305)

[PhaseProtocol] ProceedToPhase2Async called, current phase: ConfiguringSettings
UnityEngine.Debug:Log (object)
VRWorkspace.Streaming.PhaseProtocolClient/<ProceedToPhase2Async>d__79:MoveNext () (at Assets/VR-Workspace/Scripts/Streaming/PhaseProtocolClient.cs:160)
System.Runtime.CompilerServices.AsyncTaskMethodBuilder:Start<VRWorkspace.Streaming.PhaseProtocolClient/<ProceedToPhase2Async>d__79> (VRWorkspace.Streaming.PhaseProtocolClient/<ProceedToPhase2Async>d__79&)
VRWorkspace.Streaming.PhaseProtocolClient:ProceedToPhase2Async (VRWorkspace.Streaming.StreamingConfig)
VRWorkspace.ViewModels.ConnectionViewModel/<StartWithProgressAsync>d__88:MoveNext () (at Assets/VR-Workspace/Scripts/ViewModels/ConnectionViewModel.cs:357)
System.Runtime.CompilerServices.AsyncTaskMethodBuilder:Start<VRWorkspace.ViewModels.ConnectionViewModel/<StartWithProgressAsync>d__88> (VRWorkspace.ViewModels.ConnectionViewModel/<StartWithProgressAsync>d__88&)
VRWorkspace.ViewModels.ConnectionViewModel:StartWithProgressAsync (VRWorkspace.Streaming.StreamingConfig)
RTTRemoteMenu/<OnConnectButtonClicked>d__71:MoveNext () (at Assets/VR-Workspace/Scripts/UI/RTT/Components/RTTRemoteMenu.cs:429)
System.Runtime.CompilerServices.AsyncVoidMethodBuilder:Start<RTTRemoteMenu/<OnConnectButtonClicked>d__71> (RTTRemoteMenu/<OnConnectButtonClicked>d__71&)
RTTRemoteMenu:OnConnectButtonClicked ()
UnityEngine.EventSystems.ExecuteEvents:Execute<UnityEngine.EventSystems.IPointerClickHandler> (UnityEngine.GameObject,UnityEngine.EventSystems.BaseEventData,UnityEngine.EventSystems.ExecuteEvents/EventFunction`1<UnityEngine.EventSystems.IPointerClickHandler>)
RTTRaycastManager:SendClick () (at Assets/VR-Workspace/Scripts/UI/RTT/Input/RTTRaycastManager.cs:331)
VRGazeReticle:ProcessDwellClickRTT (UnityEngine.Vector3) (at Assets/VR-Workspace/Scripts/Input/VRGazeReticle.cs:662)
VRGazeReticle:CheckGaze () (at Assets/VR-Workspace/Scripts/Input/VRGazeReticle.cs:432)
VRGazeReticle:Update () (at Assets/VR-Workspace/Scripts/Input/VRGazeReticle.cs:305)

[PhaseProtocol] Proceeding to Phase 2 with config: 2 monitors @ 1920x1080, 60fps, 10Mbps
UnityEngine.Debug:Log (object)
VRWorkspace.Streaming.PhaseProtocolClient/<ProceedToPhase2Async>d__79:MoveNext () (at Assets/VR-Workspace/Scripts/Streaming/PhaseProtocolClient.cs:169)
System.Runtime.CompilerServices.AsyncTaskMethodBuilder:Start<VRWorkspace.Streaming.PhaseProtocolClient/<ProceedToPhase2Async>d__79> (VRWorkspace.Streaming.PhaseProtocolClient/<ProceedToPhase2Async>d__79&)
VRWorkspace.Streaming.PhaseProtocolClient:ProceedToPhase2Async (VRWorkspace.Streaming.StreamingConfig)
VRWorkspace.ViewModels.ConnectionViewModel/<StartWithProgressAsync>d__88:MoveNext () (at Assets/VR-Workspace/Scripts/ViewModels/ConnectionViewModel.cs:357)
System.Runtime.CompilerServices.AsyncTaskMethodBuilder:Start<VRWorkspace.ViewModels.ConnectionViewModel/<StartWithProgressAsync>d__88> (VRWorkspace.ViewModels.ConnectionViewModel/<StartWithProgressAsync>d__88&)
VRWorkspace.ViewModels.ConnectionViewModel:StartWithProgressAsync (VRWorkspace.Streaming.StreamingConfig)
RTTRemoteMenu/<OnConnectButtonClicked>d__71:MoveNext () (at Assets/VR-Workspace/Scripts/UI/RTT/Components/RTTRemoteMenu.cs:429)
System.Runtime.CompilerServices.AsyncVoidMethodBuilder:Start<RTTRemoteMenu/<OnConnectButtonClicked>d__71> (RTTRemoteMenu/<OnConnectButtonClicked>d__71&)
RTTRemoteMenu:OnConnectButtonClicked ()
UnityEngine.EventSystems.ExecuteEvents:Execute<UnityEngine.EventSystems.IPointerClickHandler> (UnityEngine.GameObject,UnityEngine.EventSystems.BaseEventData,UnityEngine.EventSystems.ExecuteEvents/EventFunction`1<UnityEngine.EventSystems.IPointerClickHandler>)
RTTRaycastManager:SendClick () (at Assets/VR-Workspace/Scripts/UI/RTT/Input/RTTRaycastManager.cs:331)
VRGazeReticle:ProcessDwellClickRTT (UnityEngine.Vector3) (at Assets/VR-Workspace/Scripts/Input/VRGazeReticle.cs:662)
VRGazeReticle:CheckGaze () (at Assets/VR-Workspace/Scripts/Input/VRGazeReticle.cs:432)
VRGazeReticle:Update () (at Assets/VR-Workspace/Scripts/Input/VRGazeReticle.cs:305)

[StateMachine] ConfiguringSettings -> SendingDisplayConfig
UnityEngine.Debug:Log (object)
VRWorkspace.Streaming.ConnectionStateMachine:TryTransition (VRWorkspace.Streaming.ConnectionPhase,string) (at Assets/VR-Workspace/Scripts/Streaming/ConnectionStateMachine.cs:102)
VRWorkspace.Streaming.PhaseProtocolClient/<ProceedToPhase2Async>d__79:MoveNext () (at Assets/VR-Workspace/Scripts/Streaming/PhaseProtocolClient.cs:171)
System.Runtime.CompilerServices.AsyncTaskMethodBuilder:Start<VRWorkspace.Streaming.PhaseProtocolClient/<ProceedToPhase2Async>d__79> (VRWorkspace.Streaming.PhaseProtocolClient/<ProceedToPhase2Async>d__79&)
VRWorkspace.Streaming.PhaseProtocolClient:ProceedToPhase2Async (VRWorkspace.Streaming.StreamingConfig)
VRWorkspace.ViewModels.ConnectionViewModel/<StartWithProgressAsync>d__88:MoveNext () (at Assets/VR-Workspace/Scripts/ViewModels/ConnectionViewModel.cs:357)
System.Runtime.CompilerServices.AsyncTaskMethodBuilder:Start<VRWorkspace.ViewModels.ConnectionViewModel/<StartWithProgressAsync>d__88> (VRWorkspace.ViewModels.ConnectionViewModel/<StartWithProgressAsync>d__88&)
VRWorkspace.ViewModels.ConnectionViewModel:StartWithProgressAsync (VRWorkspace.Streaming.StreamingConfig)
RTTRemoteMenu/<OnConnectButtonClicked>d__71:MoveNext () (at Assets/VR-Workspace/Scripts/UI/RTT/Components/RTTRemoteMenu.cs:429)
System.Runtime.CompilerServices.AsyncVoidMethodBuilder:Start<RTTRemoteMenu/<OnConnectButtonClicked>d__71> (RTTRemoteMenu/<OnConnectButtonClicked>d__71&)
RTTRemoteMenu:OnConnectButtonClicked ()
UnityEngine.EventSystems.ExecuteEvents:Execute<UnityEngine.EventSystems.IPointerClickHandler> (UnityEngine.GameObject,UnityEngine.EventSystems.BaseEventData,UnityEngine.EventSystems.ExecuteEvents/EventFunction`1<UnityEngine.EventSystems.IPointerClickHandler>)
RTTRaycastManager:SendClick () (at Assets/VR-Workspace/Scripts/UI/RTT/Input/RTTRaycastManager.cs:331)
VRGazeReticle:ProcessDwellClickRTT (UnityEngine.Vector3) (at Assets/VR-Workspace/Scripts/Input/VRGazeReticle.cs:662)
VRGazeReticle:CheckGaze () (at Assets/VR-Workspace/Scripts/Input/VRGazeReticle.cs:432)
VRGazeReticle:Update () (at Assets/VR-Workspace/Scripts/Input/VRGazeReticle.cs:305)

[PhaseProtocol] Sending proceed message (phase 2)
UnityEngine.Debug:Log (object)
VRWorkspace.Streaming.PhaseProtocolClient/<ProceedToPhase2Async>d__79:MoveNext () (at Assets/VR-Workspace/Scripts/Streaming/PhaseProtocolClient.cs:175)
System.Runtime.CompilerServices.AsyncTaskMethodBuilder:Start<VRWorkspace.Streaming.PhaseProtocolClient/<ProceedToPhase2Async>d__79> (VRWorkspace.Streaming.PhaseProtocolClient/<ProceedToPhase2Async>d__79&)
VRWorkspace.Streaming.PhaseProtocolClient:ProceedToPhase2Async (VRWorkspace.Streaming.StreamingConfig)
VRWorkspace.ViewModels.ConnectionViewModel/<StartWithProgressAsync>d__88:MoveNext () (at Assets/VR-Workspace/Scripts/ViewModels/ConnectionViewModel.cs:357)
System.Runtime.CompilerServices.AsyncTaskMethodBuilder:Start<VRWorkspace.ViewModels.ConnectionViewModel/<StartWithProgressAsync>d__88> (VRWorkspace.ViewModels.ConnectionViewModel/<StartWithProgressAsync>d__88&)
VRWorkspace.ViewModels.ConnectionViewModel:StartWithProgressAsync (VRWorkspace.Streaming.StreamingConfig)
RTTRemoteMenu/<OnConnectButtonClicked>d__71:MoveNext () (at Assets/VR-Workspace/Scripts/UI/RTT/Components/RTTRemoteMenu.cs:429)
System.Runtime.CompilerServices.AsyncVoidMethodBuilder:Start<RTTRemoteMenu/<OnConnectButtonClicked>d__71> (RTTRemoteMenu/<OnConnectButtonClicked>d__71&)
RTTRemoteMenu:OnConnectButtonClicked ()
UnityEngine.EventSystems.ExecuteEvents:Execute<UnityEngine.EventSystems.IPointerClickHandler> (UnityEngine.GameObject,UnityEngine.EventSystems.BaseEventData,UnityEngine.EventSystems.ExecuteEvents/EventFunction`1<UnityEngine.EventSystems.IPointerClickHandler>)
RTTRaycastManager:SendClick () (at Assets/VR-Workspace/Scripts/UI/RTT/Input/RTTRaycastManager.cs:331)
VRGazeReticle:ProcessDwellClickRTT (UnityEngine.Vector3) (at Assets/VR-Workspace/Scripts/Input/VRGazeReticle.cs:662)
VRGazeReticle:CheckGaze () (at Assets/VR-Workspace/Scripts/Input/VRGazeReticle.cs:432)
VRGazeReticle:Update () (at Assets/VR-Workspace/Scripts/Input/VRGazeReticle.cs:305)

[ClusterAutoBinder] ViewModel initialized
UnityEngine.Debug:Log (object)
ClusterAutoBinder:InitializeViewModel () (at Assets/VR-Workspace/Scripts/Cluster/ClusterAutoBinder.cs:108)
ClusterAutoBinder:Start () (at Assets/VR-Workspace/Scripts/Cluster/ClusterAutoBinder.cs:76)

[PhaseProtocol] Proceed message sent
UnityEngine.Debug:Log (object)
VRWorkspace.Streaming.PhaseProtocolClient/<ProceedToPhase2Async>d__79:MoveNext () (at Assets/VR-Workspace/Scripts/Streaming/PhaseProtocolClient.cs:177)
System.Runtime.CompilerServices.AsyncTaskMethodBuilder:SetResult ()
VRWorkspace.Streaming.PhaseProtocolClient/<SendTextAsync>d__135:MoveNext () (at Assets/VR-Workspace/Scripts/Streaming/PhaseProtocolClient.cs:2062)
UnityEngine.UnitySynchronizationContext:ExecuteTasks ()

[PhaseProtocol] Sending display_config message
UnityEngine.Debug:Log (object)
VRWorkspace.Streaming.PhaseProtocolClient/<ProceedToPhase2Async>d__79:MoveNext () (at Assets/VR-Workspace/Scripts/Streaming/PhaseProtocolClient.cs:181)
System.Runtime.CompilerServices.AsyncTaskMethodBuilder:SetResult ()
VRWorkspace.Streaming.PhaseProtocolClient/<SendTextAsync>d__135:MoveNext () (at Assets/VR-Workspace/Scripts/Streaming/PhaseProtocolClient.cs:2062)
UnityEngine.UnitySynchronizationContext:ExecuteTasks ()

[PhaseProtocol] Display config sent
UnityEngine.Debug:Log (object)
VRWorkspace.Streaming.PhaseProtocolClient/<ProceedToPhase2Async>d__79:MoveNext () (at Assets/VR-Workspace/Scripts/Streaming/PhaseProtocolClient.cs:188)
System.Runtime.CompilerServices.AsyncTaskMethodBuilder:SetResult ()
VRWorkspace.Streaming.PhaseProtocolClient/<SendTextAsync>d__135:MoveNext () (at Assets/VR-Workspace/Scripts/Streaming/PhaseProtocolClient.cs:2062)
UnityEngine.UnitySynchronizationContext:ExecuteTasks ()

[StateMachine] SendingDisplayConfig -> AwaitingSetupComplete
UnityEngine.Debug:Log (object)
VRWorkspace.Streaming.ConnectionStateMachine:TryTransition (VRWorkspace.Streaming.ConnectionPhase,string) (at Assets/VR-Workspace/Scripts/Streaming/ConnectionStateMachine.cs:102)
VRWorkspace.Streaming.PhaseProtocolClient/<ProceedToPhase2Async>d__79:MoveNext () (at Assets/VR-Workspace/Scripts/Streaming/PhaseProtocolClient.cs:190)
System.Runtime.CompilerServices.AsyncTaskMethodBuilder:SetResult ()
VRWorkspace.Streaming.PhaseProtocolClient/<SendTextAsync>d__135:MoveNext () (at Assets/VR-Workspace/Scripts/Streaming/PhaseProtocolClient.cs:2062)
UnityEngine.UnitySynchronizationContext:ExecuteTasks ()

[PhaseProtocol] Received: {"type":"config_progress","step":"vdd_setup","progress":0,"message":"Checking display configuration....
UnityEngine.Debug:Log (object)
VRWorkspace.Streaming.PhaseProtocolClient/<HandleTextMessageAsync>d__94:MoveNext () (at Assets/VR-Workspace/Scripts/Streaming/PhaseProtocolClient.cs:420)
System.Runtime.CompilerServices.AsyncTaskMethodBuilder:Start<VRWorkspace.Streaming.PhaseProtocolClient/<HandleTextMessageAsync>d__94> (VRWorkspace.Streaming.PhaseProtocolClient/<HandleTextMessageAsync>d__94&)
VRWorkspace.Streaming.PhaseProtocolClient:HandleTextMessageAsync (string)
VRWorkspace.Streaming.PhaseProtocolClient/<ReceiveLoopAsync>d__93:MoveNext () (at Assets/VR-Workspace/Scripts/Streaming/PhaseProtocolClient.cs:397)
UnityEngine.UnitySynchronizationContext:ExecuteTasks ()

[PhaseProtocol] Parsed type='config_progress' from message len=104
UnityEngine.Debug:Log (object)
VRWorkspace.Streaming.PhaseProtocolClient/<HandleTextMessageAsync>d__94:MoveNext () (at Assets/VR-Workspace/Scripts/Streaming/PhaseProtocolClient.cs:431)
System.Runtime.CompilerServices.AsyncTaskMethodBuilder:Start<VRWorkspace.Streaming.PhaseProtocolClient/<HandleTextMessageAsync>d__94> (VRWorkspace.Streaming.PhaseProtocolClient/<HandleTextMessageAsync>d__94&)
VRWorkspace.Streaming.PhaseProtocolClient:HandleTextMessageAsync (string)
VRWorkspace.Streaming.PhaseProtocolClient/<ReceiveLoopAsync>d__93:MoveNext () (at Assets/VR-Workspace/Scripts/Streaming/PhaseProtocolClient.cs:397)
UnityEngine.UnitySynchronizationContext:ExecuteTasks ()

[PhaseProtocol] >>> Handling config_progress
UnityEngine.Debug:Log (object)
VRWorkspace.Streaming.PhaseProtocolClient/<HandleTextMessageAsync>d__94:MoveNext () (at Assets/VR-Workspace/Scripts/Streaming/PhaseProtocolClient.cs:461)
System.Runtime.CompilerServices.AsyncTaskMethodBuilder:Start<VRWorkspace.Streaming.PhaseProtocolClient/<HandleTextMessageAsync>d__94> (VRWorkspace.Streaming.PhaseProtocolClient/<HandleTextMessageAsync>d__94&)
VRWorkspace.Streaming.PhaseProtocolClient:HandleTextMessageAsync (string)
VRWorkspace.Streaming.PhaseProtocolClient/<ReceiveLoopAsync>d__93:MoveNext () (at Assets/VR-Workspace/Scripts/Streaming/PhaseProtocolClient.cs:397)
UnityEngine.UnitySynchronizationContext:ExecuteTasks ()

[PhaseProtocol] Config progress: vdd_setup 0% - Checking display configuration...
UnityEngine.Debug:Log (object)
VRWorkspace.Streaming.PhaseProtocolClient:HandleConfigProgress (VRWorkspace.Streaming.SimpleJson) (at Assets/VR-Workspace/Scripts/Streaming/PhaseProtocolClient.cs:988)
VRWorkspace.Streaming.PhaseProtocolClient/<HandleTextMessageAsync>d__94:MoveNext () (at Assets/VR-Workspace/Scripts/Streaming/PhaseProtocolClient.cs:462)
System.Runtime.CompilerServices.AsyncTaskMethodBuilder:Start<VRWorkspace.Streaming.PhaseProtocolClient/<HandleTextMessageAsync>d__94> (VRWorkspace.Streaming.PhaseProtocolClient/<HandleTextMessageAsync>d__94&)
VRWorkspace.Streaming.PhaseProtocolClient:HandleTextMessageAsync (string)
VRWorkspace.Streaming.PhaseProtocolClient/<ReceiveLoopAsync>d__93:MoveNext () (at Assets/VR-Workspace/Scripts/Streaming/PhaseProtocolClient.cs:397)
UnityEngine.UnitySynchronizationContext:ExecuteTasks ()

[PhaseProtocol] Received: {"type":"config_progress","step":"vdd_setup","progress":30,"message":"Configuring virtual displays.....
UnityEngine.Debug:Log (object)
VRWorkspace.Streaming.PhaseProtocolClient/<HandleTextMessageAsync>d__94:MoveNext () (at Assets/VR-Workspace/Scripts/Streaming/PhaseProtocolClient.cs:420)
System.Runtime.CompilerServices.AsyncTaskMethodBuilder:Start<VRWorkspace.Streaming.PhaseProtocolClient/<HandleTextMessageAsync>d__94> (VRWorkspace.Streaming.PhaseProtocolClient/<HandleTextMessageAsync>d__94&)
VRWorkspace.Streaming.PhaseProtocolClient:HandleTextMessageAsync (string)
VRWorkspace.Streaming.PhaseProtocolClient/<ReceiveLoopAsync>d__93:MoveNext () (at Assets/VR-Workspace/Scripts/Streaming/PhaseProtocolClient.cs:397)
UnityEngine.UnitySynchronizationContext:ExecuteTasks ()

[PhaseProtocol] Parsed type='config_progress' from message len=103
UnityEngine.Debug:Log (object)
VRWorkspace.Streaming.PhaseProtocolClient/<HandleTextMessageAsync>d__94:MoveNext () (at Assets/VR-Workspace/Scripts/Streaming/PhaseProtocolClient.cs:431)
System.Runtime.CompilerServices.AsyncTaskMethodBuilder:Start<VRWorkspace.Streaming.PhaseProtocolClient/<HandleTextMessageAsync>d__94> (VRWorkspace.Streaming.PhaseProtocolClient/<HandleTextMessageAsync>d__94&)
VRWorkspace.Streaming.PhaseProtocolClient:HandleTextMessageAsync (string)
VRWorkspace.Streaming.PhaseProtocolClient/<ReceiveLoopAsync>d__93:MoveNext () (at Assets/VR-Workspace/Scripts/Streaming/PhaseProtocolClient.cs:397)
UnityEngine.UnitySynchronizationContext:ExecuteTasks ()

[PhaseProtocol] Config progress: vdd_setup 30% - Configuring virtual displays...
UnityEngine.Debug:Log (object)
VRWorkspace.Streaming.PhaseProtocolClient:HandleConfigProgress (VRWorkspace.Streaming.SimpleJson) (at Assets/VR-Workspace/Scripts/Streaming/PhaseProtocolClient.cs:988)
VRWorkspace.Streaming.PhaseProtocolClient/<HandleTextMessageAsync>d__94:MoveNext () (at Assets/VR-Workspace/Scripts/Streaming/PhaseProtocolClient.cs:462)
System.Runtime.CompilerServices.AsyncTaskMethodBuilder:Start<VRWorkspace.Streaming.PhaseProtocolClient/<HandleTextMessageAsync>d__94> (VRWorkspace.Streaming.PhaseProtocolClient/<HandleTextMessageAsync>d__94&)
VRWorkspace.Streaming.PhaseProtocolClient:HandleTextMessageAsync (string)
VRWorkspace.Streaming.PhaseProtocolClient/<ReceiveLoopAsync>d__93:MoveNext () (at Assets/VR-Workspace/Scripts/Streaming/PhaseProtocolClient.cs:397)
UnityEngine.UnitySynchronizationContext:ExecuteTasks ()

[RTTRemoteMenuController#1] Update #1321, vm=OK, rig=OK, phase=ConfiguringSettings, streaming=False, panels=Count=2, goActive=True
UnityEngine.Debug:Log (object)
RTTRemoteMenuController:Update () (at Assets/VR-Workspace/Scripts/UI/RTT/Controllers/RTTRemoteMenuController.cs:239)

[RTTRemoteMenuController#1] Update #1381, vm=OK, rig=OK, phase=ConfiguringSettings, streaming=False, panels=Count=2, goActive=True
UnityEngine.Debug:Log (object)
RTTRemoteMenuController:Update () (at Assets/VR-Workspace/Scripts/UI/RTT/Controllers/RTTRemoteMenuController.cs:239)

[RTTRemoteMenuController#1] Update #1441, vm=OK, rig=OK, phase=ConfiguringSettings, streaming=False, panels=Count=2, goActive=True
UnityEngine.Debug:Log (object)
RTTRemoteMenuController:Update () (at Assets/VR-Workspace/Scripts/UI/RTT/Controllers/RTTRemoteMenuController.cs:239)

[RTTRemoteMenuController#1] Update #1501, vm=OK, rig=OK, phase=ConfiguringSettings, streaming=False, panels=Count=2, goActive=True
UnityEngine.Debug:Log (object)
RTTRemoteMenuController:Update () (at Assets/VR-Workspace/Scripts/UI/RTT/Controllers/RTTRemoteMenuController.cs:239)

[RTTRemoteMenuController#1] Update #1561, vm=OK, rig=OK, phase=ConfiguringSettings, streaming=False, panels=Count=2, goActive=True
UnityEngine.Debug:Log (object)
RTTRemoteMenuController:Update () (at Assets/VR-Workspace/Scripts/UI/RTT/Controllers/RTTRemoteMenuController.cs:239)

[RTTRemoteMenuController#1] Update #1621, vm=OK, rig=OK, phase=ConfiguringSettings, streaming=False, panels=Count=2, goActive=True
UnityEngine.Debug:Log (object)
RTTRemoteMenuController:Update () (at Assets/VR-Workspace/Scripts/UI/RTT/Controllers/RTTRemoteMenuController.cs:239)

[RTTRemoteMenuController#1] Update #1681, vm=OK, rig=OK, phase=ConfiguringSettings, streaming=False, panels=Count=2, goActive=True
UnityEngine.Debug:Log (object)
RTTRemoteMenuController:Update () (at Assets/VR-Workspace/Scripts/UI/RTT/Controllers/RTTRemoteMenuController.cs:239)

[PhaseProtocol] Received: {"type":"config_progress","step":"topology","progress":60,"message":"Setting up display topology..."...
UnityEngine.Debug:Log (object)
VRWorkspace.Streaming.PhaseProtocolClient/<HandleTextMessageAsync>d__94:MoveNext () (at Assets/VR-Workspace/Scripts/Streaming/PhaseProtocolClient.cs:420)
System.Runtime.CompilerServices.AsyncTaskMethodBuilder:Start<VRWorkspace.Streaming.PhaseProtocolClient/<HandleTextMessageAsync>d__94> (VRWorkspace.Streaming.PhaseProtocolClient/<HandleTextMessageAsync>d__94&)
VRWorkspace.Streaming.PhaseProtocolClient:HandleTextMessageAsync (string)
VRWorkspace.Streaming.PhaseProtocolClient/<ReceiveLoopAsync>d__93:MoveNext () (at Assets/VR-Workspace/Scripts/Streaming/PhaseProtocolClient.cs:397)
UnityEngine.UnitySynchronizationContext:ExecuteTasks ()

[PhaseProtocol] Parsed type='config_progress' from message len=101
UnityEngine.Debug:Log (object)
VRWorkspace.Streaming.PhaseProtocolClient/<HandleTextMessageAsync>d__94:MoveNext () (at Assets/VR-Workspace/Scripts/Streaming/PhaseProtocolClient.cs:431)
System.Runtime.CompilerServices.AsyncTaskMethodBuilder:Start<VRWorkspace.Streaming.PhaseProtocolClient/<HandleTextMessageAsync>d__94> (VRWorkspace.Streaming.PhaseProtocolClient/<HandleTextMessageAsync>d__94&)
VRWorkspace.Streaming.PhaseProtocolClient:HandleTextMessageAsync (string)
VRWorkspace.Streaming.PhaseProtocolClient/<ReceiveLoopAsync>d__93:MoveNext () (at Assets/VR-Workspace/Scripts/Streaming/PhaseProtocolClient.cs:397)
UnityEngine.UnitySynchronizationContext:ExecuteTasks ()

[PhaseProtocol] Config progress: topology 60% - Setting up display topology...
UnityEngine.Debug:Log (object)
VRWorkspace.Streaming.PhaseProtocolClient:HandleConfigProgress (VRWorkspace.Streaming.SimpleJson) (at Assets/VR-Workspace/Scripts/Streaming/PhaseProtocolClient.cs:988)
VRWorkspace.Streaming.PhaseProtocolClient/<HandleTextMessageAsync>d__94:MoveNext () (at Assets/VR-Workspace/Scripts/Streaming/PhaseProtocolClient.cs:462)
System.Runtime.CompilerServices.AsyncTaskMethodBuilder:Start<VRWorkspace.Streaming.PhaseProtocolClient/<HandleTextMessageAsync>d__94> (VRWorkspace.Streaming.PhaseProtocolClient/<HandleTextMessageAsync>d__94&)
VRWorkspace.Streaming.PhaseProtocolClient:HandleTextMessageAsync (string)
VRWorkspace.Streaming.PhaseProtocolClient/<ReceiveLoopAsync>d__93:MoveNext () (at Assets/VR-Workspace/Scripts/Streaming/PhaseProtocolClient.cs:397)
UnityEngine.UnitySynchronizationContext:ExecuteTasks ()

[RTTRemoteMenuController#1] Update #1741, vm=OK, rig=OK, phase=ConfiguringSettings, streaming=False, panels=Count=2, goActive=True
UnityEngine.Debug:Log (object)
RTTRemoteMenuController:Update () (at Assets/VR-Workspace/Scripts/UI/RTT/Controllers/RTTRemoteMenuController.cs:239)

[RTTRemoteMenuController#1] Update #1801, vm=OK, rig=OK, phase=ConfiguringSettings, streaming=False, panels=Count=2, goActive=True
UnityEngine.Debug:Log (object)
RTTRemoteMenuController:Update () (at Assets/VR-Workspace/Scripts/UI/RTT/Controllers/RTTRemoteMenuController.cs:239)

[RTTRemoteMenuController#1] Update #1861, vm=OK, rig=OK, phase=ConfiguringSettings, streaming=False, panels=Count=2, goActive=True
UnityEngine.Debug:Log (object)
RTTRemoteMenuController:Update () (at Assets/VR-Workspace/Scripts/UI/RTT/Controllers/RTTRemoteMenuController.cs:239)

[RTTRemoteMenuController#1] Update #1921, vm=OK, rig=OK, phase=ConfiguringSettings, streaming=False, panels=Count=2, goActive=True
UnityEngine.Debug:Log (object)
RTTRemoteMenuController:Update () (at Assets/VR-Workspace/Scripts/UI/RTT/Controllers/RTTRemoteMenuController.cs:239)

[RTTRemoteMenuController#1] Update #1981, vm=OK, rig=OK, phase=ConfiguringSettings, streaming=False, panels=Count=2, goActive=True
UnityEngine.Debug:Log (object)
RTTRemoteMenuController:Update () (at Assets/VR-Workspace/Scripts/UI/RTT/Controllers/RTTRemoteMenuController.cs:239)

[PhaseProtocol] Received: {"type":"config_progress","step":"capture_init","progress":90,"message":"Initializing capture..."}...
UnityEngine.Debug:Log (object)
VRWorkspace.Streaming.PhaseProtocolClient/<HandleTextMessageAsync>d__94:MoveNext () (at Assets/VR-Workspace/Scripts/Streaming/PhaseProtocolClient.cs:420)
System.Runtime.CompilerServices.AsyncTaskMethodBuilder:Start<VRWorkspace.Streaming.PhaseProtocolClient/<HandleTextMessageAsync>d__94> (VRWorkspace.Streaming.PhaseProtocolClient/<HandleTextMessageAsync>d__94&)
VRWorkspace.Streaming.PhaseProtocolClient:HandleTextMessageAsync (string)
VRWorkspace.Streaming.PhaseProtocolClient/<ReceiveLoopAsync>d__93:MoveNext () (at Assets/VR-Workspace/Scripts/Streaming/PhaseProtocolClient.cs:397)
UnityEngine.UnitySynchronizationContext:ExecuteTasks ()

[PhaseProtocol] Parsed type='config_progress' from message len=98
UnityEngine.Debug:Log (object)
VRWorkspace.Streaming.PhaseProtocolClient/<HandleTextMessageAsync>d__94:MoveNext () (at Assets/VR-Workspace/Scripts/Streaming/PhaseProtocolClient.cs:431)
System.Runtime.CompilerServices.AsyncTaskMethodBuilder:Start<VRWorkspace.Streaming.PhaseProtocolClient/<HandleTextMessageAsync>d__94> (VRWorkspace.Streaming.PhaseProtocolClient/<HandleTextMessageAsync>d__94&)
VRWorkspace.Streaming.PhaseProtocolClient:HandleTextMessageAsync (string)
VRWorkspace.Streaming.PhaseProtocolClient/<ReceiveLoopAsync>d__93:MoveNext () (at Assets/VR-Workspace/Scripts/Streaming/PhaseProtocolClient.cs:397)
UnityEngine.UnitySynchronizationContext:ExecuteTasks ()

[PhaseProtocol] Config progress: capture_init 90% - Initializing capture...
UnityEngine.Debug:Log (object)
VRWorkspace.Streaming.PhaseProtocolClient:HandleConfigProgress (VRWorkspace.Streaming.SimpleJson) (at Assets/VR-Workspace/Scripts/Streaming/PhaseProtocolClient.cs:988)
VRWorkspace.Streaming.PhaseProtocolClient/<HandleTextMessageAsync>d__94:MoveNext () (at Assets/VR-Workspace/Scripts/Streaming/PhaseProtocolClient.cs:462)
System.Runtime.CompilerServices.AsyncTaskMethodBuilder:Start<VRWorkspace.Streaming.PhaseProtocolClient/<HandleTextMessageAsync>d__94> (VRWorkspace.Streaming.PhaseProtocolClient/<HandleTextMessageAsync>d__94&)
VRWorkspace.Streaming.PhaseProtocolClient:HandleTextMessageAsync (string)
VRWorkspace.Streaming.PhaseProtocolClient/<ReceiveLoopAsync>d__93:MoveNext () (at Assets/VR-Workspace/Scripts/Streaming/PhaseProtocolClient.cs:397)
UnityEngine.UnitySynchronizationContext:ExecuteTasks ()

[RTTRemoteMenuController#1] Update #2041, vm=OK, rig=OK, phase=ConfiguringSettings, streaming=False, panels=Count=2, goActive=True
UnityEngine.Debug:Log (object)
RTTRemoteMenuController:Update () (at Assets/VR-Workspace/Scripts/UI/RTT/Controllers/RTTRemoteMenuController.cs:239)

[PhaseProtocol] Received: {"type":"config_progress","step":"capture_init","progress":100,"message":"Ready"}...
UnityEngine.Debug:Log (object)
VRWorkspace.Streaming.PhaseProtocolClient/<HandleTextMessageAsync>d__94:MoveNext () (at Assets/VR-Workspace/Scripts/Streaming/PhaseProtocolClient.cs:420)
System.Runtime.CompilerServices.AsyncTaskMethodBuilder:Start<VRWorkspace.Streaming.PhaseProtocolClient/<HandleTextMessageAsync>d__94> (VRWorkspace.Streaming.PhaseProtocolClient/<HandleTextMessageAsync>d__94&)
VRWorkspace.Streaming.PhaseProtocolClient:HandleTextMessageAsync (string)
VRWorkspace.Streaming.PhaseProtocolClient/<ReceiveLoopAsync>d__93:MoveNext () (at Assets/VR-Workspace/Scripts/Streaming/PhaseProtocolClient.cs:397)
UnityEngine.UnitySynchronizationContext:ExecuteTasks ()

[PhaseProtocol] Parsed type='config_progress' from message len=81
UnityEngine.Debug:Log (object)
VRWorkspace.Streaming.PhaseProtocolClient/<HandleTextMessageAsync>d__94:MoveNext () (at Assets/VR-Workspace/Scripts/Streaming/PhaseProtocolClient.cs:431)
System.Runtime.CompilerServices.AsyncTaskMethodBuilder:Start<VRWorkspace.Streaming.PhaseProtocolClient/<HandleTextMessageAsync>d__94> (VRWorkspace.Streaming.PhaseProtocolClient/<HandleTextMessageAsync>d__94&)
VRWorkspace.Streaming.PhaseProtocolClient:HandleTextMessageAsync (string)
VRWorkspace.Streaming.PhaseProtocolClient/<ReceiveLoopAsync>d__93:MoveNext () (at Assets/VR-Workspace/Scripts/Streaming/PhaseProtocolClient.cs:397)
UnityEngine.UnitySynchronizationContext:ExecuteTasks ()

[PhaseProtocol] Config progress: capture_init 100% - Ready
UnityEngine.Debug:Log (object)
VRWorkspace.Streaming.PhaseProtocolClient:HandleConfigProgress (VRWorkspace.Streaming.SimpleJson) (at Assets/VR-Workspace/Scripts/Streaming/PhaseProtocolClient.cs:988)
VRWorkspace.Streaming.PhaseProtocolClient/<HandleTextMessageAsync>d__94:MoveNext () (at Assets/VR-Workspace/Scripts/Streaming/PhaseProtocolClient.cs:462)
System.Runtime.CompilerServices.AsyncTaskMethodBuilder:Start<VRWorkspace.Streaming.PhaseProtocolClient/<HandleTextMessageAsync>d__94> (VRWorkspace.Streaming.PhaseProtocolClient/<HandleTextMessageAsync>d__94&)
VRWorkspace.Streaming.PhaseProtocolClient:HandleTextMessageAsync (string)
VRWorkspace.Streaming.PhaseProtocolClient/<ReceiveLoopAsync>d__93:MoveNext () (at Assets/VR-Workspace/Scripts/Streaming/PhaseProtocolClient.cs:397)
UnityEngine.UnitySynchronizationContext:ExecuteTasks ()

[PhaseProtocol] Received: {"type":"config_complete","monitors":[{"id":0,"name":"\\\\.\\DISPLAY1","width":1920,"height":1080,"r...
UnityEngine.Debug:Log (object)
VRWorkspace.Streaming.PhaseProtocolClient/<HandleTextMessageAsync>d__94:MoveNext () (at Assets/VR-Workspace/Scripts/Streaming/PhaseProtocolClient.cs:420)
System.Runtime.CompilerServices.AsyncTaskMethodBuilder:Start<VRWorkspace.Streaming.PhaseProtocolClient/<HandleTextMessageAsync>d__94> (VRWorkspace.Streaming.PhaseProtocolClient/<HandleTextMessageAsync>d__94&)
VRWorkspace.Streaming.PhaseProtocolClient:HandleTextMessageAsync (string)
VRWorkspace.Streaming.PhaseProtocolClient/<ReceiveLoopAsync>d__93:MoveNext () (at Assets/VR-Workspace/Scripts/Streaming/PhaseProtocolClient.cs:397)
UnityEngine.UnitySynchronizationContext:ExecuteTasks ()

[PhaseProtocol] Parsed type='config_complete' from message len=250
UnityEngine.Debug:Log (object)
VRWorkspace.Streaming.PhaseProtocolClient/<HandleTextMessageAsync>d__94:MoveNext () (at Assets/VR-Workspace/Scripts/Streaming/PhaseProtocolClient.cs:431)
System.Runtime.CompilerServices.AsyncTaskMethodBuilder:Start<VRWorkspace.Streaming.PhaseProtocolClient/<HandleTextMessageAsync>d__94> (VRWorkspace.Streaming.PhaseProtocolClient/<HandleTextMessageAsync>d__94&)
VRWorkspace.Streaming.PhaseProtocolClient:HandleTextMessageAsync (string)
VRWorkspace.Streaming.PhaseProtocolClient/<ReceiveLoopAsync>d__93:MoveNext () (at Assets/VR-Workspace/Scripts/Streaming/PhaseProtocolClient.cs:397)
UnityEngine.UnitySynchronizationContext:ExecuteTasks ()

[PhaseProtocol] >>> Handling config_complete
UnityEngine.Debug:Log (object)
VRWorkspace.Streaming.PhaseProtocolClient/<HandleTextMessageAsync>d__94:MoveNext () (at Assets/VR-Workspace/Scripts/Streaming/PhaseProtocolClient.cs:466)
System.Runtime.CompilerServices.AsyncTaskMethodBuilder:Start<VRWorkspace.Streaming.PhaseProtocolClient/<HandleTextMessageAsync>d__94> (VRWorkspace.Streaming.PhaseProtocolClient/<HandleTextMessageAsync>d__94&)
VRWorkspace.Streaming.PhaseProtocolClient:HandleTextMessageAsync (string)
VRWorkspace.Streaming.PhaseProtocolClient/<ReceiveLoopAsync>d__93:MoveNext () (at Assets/VR-Workspace/Scripts/Streaming/PhaseProtocolClient.cs:397)
UnityEngine.UnitySynchronizationContext:ExecuteTasks ()

[PhaseProtocol] Config complete, starting ICE negotiation
UnityEngine.Debug:Log (object)
VRWorkspace.Streaming.PhaseProtocolClient:HandleConfigCompleteAsync (VRWorkspace.Streaming.SimpleJson) (at Assets/VR-Workspace/Scripts/Streaming/PhaseProtocolClient.cs:997)
VRWorkspace.Streaming.PhaseProtocolClient/<HandleTextMessageAsync>d__94:MoveNext () (at Assets/VR-Workspace/Scripts/Streaming/PhaseProtocolClient.cs:467)
System.Runtime.CompilerServices.AsyncTaskMethodBuilder:Start<VRWorkspace.Streaming.PhaseProtocolClient/<HandleTextMessageAsync>d__94> (VRWorkspace.Streaming.PhaseProtocolClient/<HandleTextMessageAsync>d__94&)
VRWorkspace.Streaming.PhaseProtocolClient:HandleTextMessageAsync (string)
VRWorkspace.Streaming.PhaseProtocolClient/<ReceiveLoopAsync>d__93:MoveNext () (at Assets/VR-Workspace/Scripts/Streaming/PhaseProtocolClient.cs:397)
UnityEngine.UnitySynchronizationContext:ExecuteTasks ()

[RTTRemoteMenu] HandlePhaseChanged: ConfiguringSettings -> ICENegotiating
UnityEngine.Debug:Log (object)
RTTRemoteMenu:HandlePhaseChanged (VRWorkspace.Streaming.ConnectionPhase) (at Assets/VR-Workspace/Scripts/UI/RTT/Components/RTTRemoteMenu.cs:542)
VRWorkspace.Core.ObservableProperty`1/<>c__DisplayClass12_0<VRWorkspace.Streaming.ConnectionPhase>:<NotifyChanged>b__0 () (at Assets/VR-Workspace/Scripts/Core/ObservableProperty.cs:114)
VRWorkspace.Core.MainThreadDispatcher:Enqueue (System.Action) (at Assets/VR-Workspace/Scripts/Core/MainThreadDispatcher.cs:122)
VRWorkspace.Core.ObservableProperty`1<VRWorkspace.Streaming.ConnectionPhase>:NotifyChanged (VRWorkspace.Streaming.ConnectionPhase) (at Assets/VR-Workspace/Scripts/Core/ObservableProperty.cs:114)
VRWorkspace.Core.ObservableProperty`1<VRWorkspace.Streaming.ConnectionPhase>:set_Value (VRWorkspace.Streaming.ConnectionPhase) (at Assets/VR-Workspace/Scripts/Core/ObservableProperty.cs:79)
VRWorkspace.ViewModels.ConnectionViewModel/<>c__DisplayClass94_0:<SubscribeToEvents>b__4 (System.Collections.Generic.List`1<VRWorkspace.Streaming.MonitorInfo>) (at Assets/VR-Workspace/Scripts/ViewModels/ConnectionViewModel.cs:491)
VRWorkspace.Streaming.PhaseProtocolClient:HandleConfigCompleteAsync (VRWorkspace.Streaming.SimpleJson) (at Assets/VR-Workspace/Scripts/Streaming/PhaseProtocolClient.cs:1009)
VRWorkspace.Streaming.PhaseProtocolClient/<HandleTextMessageAsync>d__94:MoveNext () (at Assets/VR-Workspace/Scripts/Streaming/PhaseProtocolClient.cs:467)
System.Runtime.CompilerServices.AsyncTaskMethodBuilder:Start<VRWorkspace.Streaming.PhaseProtocolClient/<HandleTextMessageAsync>d__94> (VRWorkspace.Streaming.PhaseProtocolClient/<HandleTextMessageAsync>d__94&)
VRWorkspace.Streaming.PhaseProtocolClient:HandleTextMessageAsync (string)
VRWorkspace.Streaming.PhaseProtocolClient/<ReceiveLoopAsync>d__93:MoveNext () (at Assets/VR-Workspace/Scripts/Streaming/PhaseProtocolClient.cs:397)
UnityEngine.UnitySynchronizationContext:ExecuteTasks ()

[StateMachine] AwaitingSetupComplete -> ICENegotiating
UnityEngine.Debug:Log (object)
VRWorkspace.Streaming.ConnectionStateMachine:TryTransition (VRWorkspace.Streaming.ConnectionPhase,string) (at Assets/VR-Workspace/Scripts/Streaming/ConnectionStateMachine.cs:102)
VRWorkspace.Streaming.PhaseProtocolClient:HandleConfigCompleteAsync (VRWorkspace.Streaming.SimpleJson) (at Assets/VR-Workspace/Scripts/Streaming/PhaseProtocolClient.cs:1011)
VRWorkspace.Streaming.PhaseProtocolClient/<HandleTextMessageAsync>d__94:MoveNext () (at Assets/VR-Workspace/Scripts/Streaming/PhaseProtocolClient.cs:467)
System.Runtime.CompilerServices.AsyncTaskMethodBuilder:Start<VRWorkspace.Streaming.PhaseProtocolClient/<HandleTextMessageAsync>d__94> (VRWorkspace.Streaming.PhaseProtocolClient/<HandleTextMessageAsync>d__94&)
VRWorkspace.Streaming.PhaseProtocolClient:HandleTextMessageAsync (string)
VRWorkspace.Streaming.PhaseProtocolClient/<ReceiveLoopAsync>d__93:MoveNext () (at Assets/VR-Workspace/Scripts/Streaming/PhaseProtocolClient.cs:397)
UnityEngine.UnitySynchronizationContext:ExecuteTasks ()

[PhaseProtocol] Starting CreatePeerConnectionsAsync in background...
UnityEngine.Debug:Log (object)
VRWorkspace.Streaming.PhaseProtocolClient:HandleConfigCompleteAsync (VRWorkspace.Streaming.SimpleJson) (at Assets/VR-Workspace/Scripts/Streaming/PhaseProtocolClient.cs:1016)
VRWorkspace.Streaming.PhaseProtocolClient/<HandleTextMessageAsync>d__94:MoveNext () (at Assets/VR-Workspace/Scripts/Streaming/PhaseProtocolClient.cs:467)
System.Runtime.CompilerServices.AsyncTaskMethodBuilder:Start<VRWorkspace.Streaming.PhaseProtocolClient/<HandleTextMessageAsync>d__94> (VRWorkspace.Streaming.PhaseProtocolClient/<HandleTextMessageAsync>d__94&)
VRWorkspace.Streaming.PhaseProtocolClient:HandleTextMessageAsync (string)
VRWorkspace.Streaming.PhaseProtocolClient/<ReceiveLoopAsync>d__93:MoveNext () (at Assets/VR-Workspace/Scripts/Streaming/PhaseProtocolClient.cs:397)
UnityEngine.UnitySynchronizationContext:ExecuteTasks ()

[PhaseProtocol] Creating 2 PeerConnections (parallel mode)
UnityEngine.Debug:Log (object)
VRWorkspace.Streaming.PhaseProtocolClient/<CreatePeerConnectionsAsync>d__113:MoveNext () (at Assets/VR-Workspace/Scripts/Streaming/PhaseProtocolClient.cs:1047)
System.Runtime.CompilerServices.AsyncTaskMethodBuilder:Start<VRWorkspace.Streaming.PhaseProtocolClient/<CreatePeerConnectionsAsync>d__113> (VRWorkspace.Streaming.PhaseProtocolClient/<CreatePeerConnectionsAsync>d__113&)
VRWorkspace.Streaming.PhaseProtocolClient:CreatePeerConnectionsAsync (int)
VRWorkspace.Streaming.PhaseProtocolClient/<CreatePeerConnectionsInBackgroundAsync>d__112:MoveNext () (at Assets/VR-Workspace/Scripts/Streaming/PhaseProtocolClient.cs:1030)
System.Runtime.CompilerServices.AsyncTaskMethodBuilder:Start<VRWorkspace.Streaming.PhaseProtocolClient/<CreatePeerConnectionsInBackgroundAsync>d__112> (VRWorkspace.Streaming.PhaseProtocolClient/<CreatePeerConnectionsInBackgroundAsync>d__112&)
VRWorkspace.Streaming.PhaseProtocolClient:CreatePeerConnectionsInBackgroundAsync (int)
VRWorkspace.Streaming.PhaseProtocolClient:HandleConfigCompleteAsync (VRWorkspace.Streaming.SimpleJson) (at Assets/VR-Workspace/Scripts/Streaming/PhaseProtocolClient.cs:1017)
VRWorkspace.Streaming.PhaseProtocolClient/<HandleTextMessageAsync>d__94:MoveNext () (at Assets/VR-Workspace/Scripts/Streaming/PhaseProtocolClient.cs:467)
System.Runtime.CompilerServices.AsyncTaskMethodBuilder:Start<VRWorkspace.Streaming.PhaseProtocolClient/<HandleTextMessageAsync>d__94> (VRWorkspace.Streaming.PhaseProtocolClient/<HandleTextMessageAsync>d__94&)
VRWorkspace.Streaming.PhaseProtocolClient:HandleTextMessageAsync (string)
VRWorkspace.Streaming.PhaseProtocolClient/<ReceiveLoopAsync>d__93:MoveNext () (at Assets/VR-Workspace/Scripts/Streaming/PhaseProtocolClient.cs:397)
UnityEngine.UnitySynchronizationContext:ExecuteTasks ()

[PhaseProtocol] <<< Finished config_complete
UnityEngine.Debug:Log (object)
VRWorkspace.Streaming.PhaseProtocolClient/<HandleTextMessageAsync>d__94:MoveNext () (at Assets/VR-Workspace/Scripts/Streaming/PhaseProtocolClient.cs:468)
System.Runtime.CompilerServices.AsyncTaskMethodBuilder:Start<VRWorkspace.Streaming.PhaseProtocolClient/<HandleTextMessageAsync>d__94> (VRWorkspace.Streaming.PhaseProtocolClient/<HandleTextMessageAsync>d__94&)
VRWorkspace.Streaming.PhaseProtocolClient:HandleTextMessageAsync (string)
VRWorkspace.Streaming.PhaseProtocolClient/<ReceiveLoopAsync>d__93:MoveNext () (at Assets/VR-Workspace/Scripts/Streaming/PhaseProtocolClient.cs:397)
UnityEngine.UnitySynchronizationContext:ExecuteTasks ()

[PhaseProtocol] PollTextures PC0: track=null, tex=null, cached=null, frames=0, lastFrame=-1ms ago
UnityEngine.Debug:Log (object)
VRWorkspace.Streaming.PhaseProtocolClient:PollTextures () (at Assets/VR-Workspace/Scripts/Streaming/PhaseProtocolClient.cs:2176)
VRWorkspace.ViewModels.ConnectionViewModel:PollTextures () (at Assets/VR-Workspace/Scripts/ViewModels/ConnectionViewModel.cs:387)
RTTRemoteMenuController:Update () (at Assets/VR-Workspace/Scripts/UI/RTT/Controllers/RTTRemoteMenuController.cs:261)

[RTTRemoteMenuController#1] TexturePoll: phase=ICENegotiating, tex=null, size=N/A, currentTex=set
UnityEngine.Debug:Log (object)
RTTRemoteMenuController:Update () (at Assets/VR-Workspace/Scripts/UI/RTT/Controllers/RTTRemoteMenuController.cs:285)

[PhaseProtocol] PC0 queued ICE candidate (offer not sent yet)
UnityEngine.Debug:Log (object)
VRWorkspace.Streaming.PhaseProtocolClient/<>c__DisplayClass118_0:<SetupPCEventHandlers>b__2 (Unity.WebRTC.RTCIceCandidate) (at Assets/VR-Workspace/Scripts/Streaming/PhaseProtocolClient.cs:1327)
Unity.WebRTC.RTCPeerConnection/<>c__DisplayClass49_0:<PCOnIceCandidate>b__0 () (at ./Library/PackageCache/com.unity.webrtc@3.0.0-pre.8/Runtime/Scripts/RTCPeerConnection.cs:431)
Unity.WebRTC.WebRTC:SendOrPostCallback (object) (at ./Library/PackageCache/com.unity.webrtc@3.0.0-pre.8/Runtime/Scripts/WebRTC.cs:1169)
Unity.WebRTC.ExecutableUnitySynchronizationContext/WorkRequest:Invoke () (at ./Library/PackageCache/com.unity.webrtc@3.0.0-pre.8/Runtime/Scripts/Internal/ExecutableUnitySynchronizationContext.cs:224)
Unity.WebRTC.ExecutableUnitySynchronizationContext:Execute () (at ./Library/PackageCache/com.unity.webrtc@3.0.0-pre.8/Runtime/Scripts/Internal/ExecutableUnitySynchronizationContext.cs:171)
Unity.WebRTC.ExecutableUnitySynchronizationContext:ExecuteAndAppendNextExecute () (at ./Library/PackageCache/com.unity.webrtc@3.0.0-pre.8/Runtime/Scripts/Internal/ExecutableUnitySynchronizationContext.cs:189)
Unity.WebRTC.ExecutableUnitySynchronizationContext:SendOrPostCallback (object) (at ./Library/PackageCache/com.unity.webrtc@3.0.0-pre.8/Runtime/Scripts/Internal/ExecutableUnitySynchronizationContext.cs:57)
UnityEngine.UnitySynchronizationContext:ExecuteTasks ()

[PhaseProtocol] PC1 queued ICE candidate (offer not sent yet)
UnityEngine.Debug:Log (object)
VRWorkspace.Streaming.PhaseProtocolClient/<>c__DisplayClass118_0:<SetupPCEventHandlers>b__2 (Unity.WebRTC.RTCIceCandidate) (at Assets/VR-Workspace/Scripts/Streaming/PhaseProtocolClient.cs:1327)
Unity.WebRTC.RTCPeerConnection/<>c__DisplayClass49_0:<PCOnIceCandidate>b__0 () (at ./Library/PackageCache/com.unity.webrtc@3.0.0-pre.8/Runtime/Scripts/RTCPeerConnection.cs:431)
Unity.WebRTC.WebRTC:SendOrPostCallback (object) (at ./Library/PackageCache/com.unity.webrtc@3.0.0-pre.8/Runtime/Scripts/WebRTC.cs:1169)
Unity.WebRTC.ExecutableUnitySynchronizationContext/WorkRequest:Invoke () (at ./Library/PackageCache/com.unity.webrtc@3.0.0-pre.8/Runtime/Scripts/Internal/ExecutableUnitySynchronizationContext.cs:224)
Unity.WebRTC.ExecutableUnitySynchronizationContext:Execute () (at ./Library/PackageCache/com.unity.webrtc@3.0.0-pre.8/Runtime/Scripts/Internal/ExecutableUnitySynchronizationContext.cs:171)
Unity.WebRTC.ExecutableUnitySynchronizationContext:ExecuteAndAppendNextExecute () (at ./Library/PackageCache/com.unity.webrtc@3.0.0-pre.8/Runtime/Scripts/Internal/ExecutableUnitySynchronizationContext.cs:189)
Unity.WebRTC.ExecutableUnitySynchronizationContext:SendOrPostCallback (object) (at ./Library/PackageCache/com.unity.webrtc@3.0.0-pre.8/Runtime/Scripts/Internal/ExecutableUnitySynchronizationContext.cs:57)
UnityEngine.UnitySynchronizationContext:ExecuteTasks ()

[PhaseProtocol] PC0 offer sent (parallel)
UnityEngine.Debug:Log (object)
VRWorkspace.Streaming.PhaseProtocolClient/<CreateSinglePCAsync>d__115:MoveNext () (at Assets/VR-Workspace/Scripts/Streaming/PhaseProtocolClient.cs:1171)
System.Runtime.CompilerServices.AsyncTaskMethodBuilder:SetResult ()
VRWorkspace.Streaming.PhaseProtocolClient/<SendTextAsync>d__135:MoveNext () (at Assets/VR-Workspace/Scripts/Streaming/PhaseProtocolClient.cs:2062)
UnityEngine.UnitySynchronizationContext:ExecuteTasks ()

[PhaseProtocol] PC0 flushing 3 queued ICE candidates
UnityEngine.Debug:Log (object)
VRWorkspace.Streaming.PhaseProtocolClient/<CreateSinglePCAsync>d__115:MoveNext () (at Assets/VR-Workspace/Scripts/Streaming/PhaseProtocolClient.cs:1177)
System.Runtime.CompilerServices.AsyncTaskMethodBuilder:SetResult ()
VRWorkspace.Streaming.PhaseProtocolClient/<SendTextAsync>d__135:MoveNext () (at Assets/VR-Workspace/Scripts/Streaming/PhaseProtocolClient.cs:2062)
UnityEngine.UnitySynchronizationContext:ExecuteTasks ()

[PhaseProtocol] PC1 offer sent (parallel)
UnityEngine.Debug:Log (object)
VRWorkspace.Streaming.PhaseProtocolClient/<CreateSinglePCAsync>d__115:MoveNext () (at Assets/VR-Workspace/Scripts/Streaming/PhaseProtocolClient.cs:1171)
System.Runtime.CompilerServices.AsyncTaskMethodBuilder:SetResult ()
VRWorkspace.Streaming.PhaseProtocolClient/<SendTextAsync>d__135:MoveNext () (at Assets/VR-Workspace/Scripts/Streaming/PhaseProtocolClient.cs:2062)
UnityEngine.UnitySynchronizationContext:ExecuteTasks ()

[PhaseProtocol] PC1 flushing 3 queued ICE candidates
UnityEngine.Debug:Log (object)
VRWorkspace.Streaming.PhaseProtocolClient/<CreateSinglePCAsync>d__115:MoveNext () (at Assets/VR-Workspace/Scripts/Streaming/PhaseProtocolClient.cs:1177)
System.Runtime.CompilerServices.AsyncTaskMethodBuilder:SetResult ()
VRWorkspace.Streaming.PhaseProtocolClient/<SendTextAsync>d__135:MoveNext () (at Assets/VR-Workspace/Scripts/Streaming/PhaseProtocolClient.cs:2062)
UnityEngine.UnitySynchronizationContext:ExecuteTasks ()

[PhaseProtocol] All 2 offers sent in parallel (59ms)
UnityEngine.Debug:Log (object)
VRWorkspace.Streaming.PhaseProtocolClient/<TryParallelPCCreationAsync>d__114:MoveNext () (at Assets/VR-Workspace/Scripts/Streaming/PhaseProtocolClient.cs:1088)
System.Runtime.CompilerServices.AsyncTaskMethodBuilder:SetResult ()
VRWorkspace.Streaming.PhaseProtocolClient/<CreateSinglePCAsync>d__115:MoveNext () (at Assets/VR-Workspace/Scripts/Streaming/PhaseProtocolClient.cs:1184)
System.Runtime.CompilerServices.AsyncTaskMethodBuilder:SetResult ()
VRWorkspace.Streaming.PhaseProtocolClient/<SendTextAsync>d__135:MoveNext () (at Assets/VR-Workspace/Scripts/Streaming/PhaseProtocolClient.cs:2062)
UnityEngine.UnitySynchronizationContext:ExecuteTasks ()

[PhaseProtocol] Received: {"type":"candidate","monitorIndex":0,"candidate":"3876557719 1 udp 2113940223 2402:800:6d62:c0d9:291...
UnityEngine.Debug:Log (object)
VRWorkspace.Streaming.PhaseProtocolClient/<HandleTextMessageAsync>d__94:MoveNext () (at Assets/VR-Workspace/Scripts/Streaming/PhaseProtocolClient.cs:420)
System.Runtime.CompilerServices.AsyncTaskMethodBuilder:Start<VRWorkspace.Streaming.PhaseProtocolClient/<HandleTextMessageAsync>d__94> (VRWorkspace.Streaming.PhaseProtocolClient/<HandleTextMessageAsync>d__94&)
VRWorkspace.Streaming.PhaseProtocolClient:HandleTextMessageAsync (string)
VRWorkspace.Streaming.PhaseProtocolClient/<ReceiveLoopAsync>d__93:MoveNext () (at Assets/VR-Workspace/Scripts/Streaming/PhaseProtocolClient.cs:397)
UnityEngine.UnitySynchronizationContext:ExecuteTasks ()

[PhaseProtocol] Parsed type='candidate' from message len=146
UnityEngine.Debug:Log (object)
VRWorkspace.Streaming.PhaseProtocolClient/<HandleTextMessageAsync>d__94:MoveNext () (at Assets/VR-Workspace/Scripts/Streaming/PhaseProtocolClient.cs:431)
System.Runtime.CompilerServices.AsyncTaskMethodBuilder:Start<VRWorkspace.Streaming.PhaseProtocolClient/<HandleTextMessageAsync>d__94> (VRWorkspace.Streaming.PhaseProtocolClient/<HandleTextMessageAsync>d__94&)
VRWorkspace.Streaming.PhaseProtocolClient:HandleTextMessageAsync (string)
VRWorkspace.Streaming.PhaseProtocolClient/<ReceiveLoopAsync>d__93:MoveNext () (at Assets/VR-Workspace/Scripts/Streaming/PhaseProtocolClient.cs:397)
UnityEngine.UnitySynchronizationContext:ExecuteTasks ()

[PhaseProtocol] PC0 received ICE candidate
UnityEngine.Debug:Log (object)
VRWorkspace.Streaming.PhaseProtocolClient:HandleCandidate (VRWorkspace.Streaming.SimpleJson) (at Assets/VR-Workspace/Scripts/Streaming/PhaseProtocolClient.cs:1488)
VRWorkspace.Streaming.PhaseProtocolClient/<HandleTextMessageAsync>d__94:MoveNext () (at Assets/VR-Workspace/Scripts/Streaming/PhaseProtocolClient.cs:478)
System.Runtime.CompilerServices.AsyncTaskMethodBuilder:Start<VRWorkspace.Streaming.PhaseProtocolClient/<HandleTextMessageAsync>d__94> (VRWorkspace.Streaming.PhaseProtocolClient/<HandleTextMessageAsync>d__94&)
VRWorkspace.Streaming.PhaseProtocolClient:HandleTextMessageAsync (string)
VRWorkspace.Streaming.PhaseProtocolClient/<ReceiveLoopAsync>d__93:MoveNext () (at Assets/VR-Workspace/Scripts/Streaming/PhaseProtocolClient.cs:397)
UnityEngine.UnitySynchronizationContext:ExecuteTasks ()

[PhaseProtocol] Received: {"type":"candidate","monitorIndex":0,"candidate":"3827036383 1 udp 2113940223 2402:800:6d62:c0d9:81c...
UnityEngine.Debug:Log (object)
VRWorkspace.Streaming.PhaseProtocolClient/<HandleTextMessageAsync>d__94:MoveNext () (at Assets/VR-Workspace/Scripts/Streaming/PhaseProtocolClient.cs:420)
System.Runtime.CompilerServices.AsyncTaskMethodBuilder:Start<VRWorkspace.Streaming.PhaseProtocolClient/<HandleTextMessageAsync>d__94> (VRWorkspace.Streaming.PhaseProtocolClient/<HandleTextMessageAsync>d__94&)
VRWorkspace.Streaming.PhaseProtocolClient:HandleTextMessageAsync (string)
VRWorkspace.Streaming.PhaseProtocolClient/<ReceiveLoopAsync>d__93:MoveNext () (at Assets/VR-Workspace/Scripts/Streaming/PhaseProtocolClient.cs:397)
UnityEngine.UnitySynchronizationContext:ExecuteTasks ()

[PhaseProtocol] Parsed type='candidate' from message len=145
UnityEngine.Debug:Log (object)
VRWorkspace.Streaming.PhaseProtocolClient/<HandleTextMessageAsync>d__94:MoveNext () (at Assets/VR-Workspace/Scripts/Streaming/PhaseProtocolClient.cs:431)
System.Runtime.CompilerServices.AsyncTaskMethodBuilder:Start<VRWorkspace.Streaming.PhaseProtocolClient/<HandleTextMessageAsync>d__94> (VRWorkspace.Streaming.PhaseProtocolClient/<HandleTextMessageAsync>d__94&)
VRWorkspace.Streaming.PhaseProtocolClient:HandleTextMessageAsync (string)
VRWorkspace.Streaming.PhaseProtocolClient/<ReceiveLoopAsync>d__93:MoveNext () (at Assets/VR-Workspace/Scripts/Streaming/PhaseProtocolClient.cs:397)
UnityEngine.UnitySynchronizationContext:ExecuteTasks ()

[PhaseProtocol] Received: {"type":"candidate","monitorIndex":0,"candidate":"894532200 1 udp 2113937663 192.168.1.41 54634 typ ...
UnityEngine.Debug:Log (object)
VRWorkspace.Streaming.PhaseProtocolClient/<HandleTextMessageAsync>d__94:MoveNext () (at Assets/VR-Workspace/Scripts/Streaming/PhaseProtocolClient.cs:420)
System.Runtime.CompilerServices.AsyncTaskMethodBuilder:Start<VRWorkspace.Streaming.PhaseProtocolClient/<HandleTextMessageAsync>d__94> (VRWorkspace.Streaming.PhaseProtocolClient/<HandleTextMessageAsync>d__94&)
VRWorkspace.Streaming.PhaseProtocolClient:HandleTextMessageAsync (string)
VRWorkspace.Streaming.PhaseProtocolClient/<ReceiveLoopAsync>d__93:MoveNext () (at Assets/VR-Workspace/Scripts/Streaming/PhaseProtocolClient.cs:397)
UnityEngine.UnitySynchronizationContext:ExecuteTasks ()

[PhaseProtocol] Parsed type='candidate' from message len=119
UnityEngine.Debug:Log (object)
VRWorkspace.Streaming.PhaseProtocolClient/<HandleTextMessageAsync>d__94:MoveNext () (at Assets/VR-Workspace/Scripts/Streaming/PhaseProtocolClient.cs:431)
System.Runtime.CompilerServices.AsyncTaskMethodBuilder:Start<VRWorkspace.Streaming.PhaseProtocolClient/<HandleTextMessageAsync>d__94> (VRWorkspace.Streaming.PhaseProtocolClient/<HandleTextMessageAsync>d__94&)
VRWorkspace.Streaming.PhaseProtocolClient:HandleTextMessageAsync (string)
VRWorkspace.Streaming.PhaseProtocolClient/<ReceiveLoopAsync>d__93:MoveNext () (at Assets/VR-Workspace/Scripts/Streaming/PhaseProtocolClient.cs:397)
UnityEngine.UnitySynchronizationContext:ExecuteTasks ()

[RTTRemoteMenuController#1] Update #2101, vm=OK, rig=OK, phase=ICENegotiating, streaming=False, panels=Count=2, goActive=True
UnityEngine.Debug:Log (object)
RTTRemoteMenuController:Update () (at Assets/VR-Workspace/Scripts/UI/RTT/Controllers/RTTRemoteMenuController.cs:239)

[PhaseProtocol] Received: {"type":"candidate","monitorIndex":0,"candidate":"1359935623 1 udp 1677730047 27.72.102.134 54906 ty...
UnityEngine.Debug:Log (object)
VRWorkspace.Streaming.PhaseProtocolClient/<HandleTextMessageAsync>d__94:MoveNext () (at Assets/VR-Workspace/Scripts/Streaming/PhaseProtocolClient.cs:420)
System.Runtime.CompilerServices.AsyncTaskMethodBuilder:Start<VRWorkspace.Streaming.PhaseProtocolClient/<HandleTextMessageAsync>d__94> (VRWorkspace.Streaming.PhaseProtocolClient/<HandleTextMessageAsync>d__94&)
VRWorkspace.Streaming.PhaseProtocolClient:HandleTextMessageAsync (string)
VRWorkspace.Streaming.PhaseProtocolClient/<ReceiveLoopAsync>d__93:MoveNext () (at Assets/VR-Workspace/Scripts/Streaming/PhaseProtocolClient.cs:397)
UnityEngine.UnitySynchronizationContext:ExecuteTasks ()

[PhaseProtocol] Parsed type='candidate' from message len=144
UnityEngine.Debug:Log (object)
VRWorkspace.Streaming.PhaseProtocolClient/<HandleTextMessageAsync>d__94:MoveNext () (at Assets/VR-Workspace/Scripts/Streaming/PhaseProtocolClient.cs:431)
System.Runtime.CompilerServices.AsyncTaskMethodBuilder:Start<VRWorkspace.Streaming.PhaseProtocolClient/<HandleTextMessageAsync>d__94> (VRWorkspace.Streaming.PhaseProtocolClient/<HandleTextMessageAsync>d__94&)
VRWorkspace.Streaming.PhaseProtocolClient:HandleTextMessageAsync (string)
VRWorkspace.Streaming.PhaseProtocolClient/<ReceiveLoopAsync>d__93:MoveNext () (at Assets/VR-Workspace/Scripts/Streaming/PhaseProtocolClient.cs:397)
UnityEngine.UnitySynchronizationContext:ExecuteTasks ()

[PhaseProtocol] Received: {"type":"candidate","monitorIndex":0,"candidate":"812489596 1 udp 8447 37.27.44.221 23252 typ relay ...
UnityEngine.Debug:Log (object)
VRWorkspace.Streaming.PhaseProtocolClient/<HandleTextMessageAsync>d__94:MoveNext () (at Assets/VR-Workspace/Scripts/Streaming/PhaseProtocolClient.cs:420)
System.Runtime.CompilerServices.AsyncTaskMethodBuilder:Start<VRWorkspace.Streaming.PhaseProtocolClient/<HandleTextMessageAsync>d__94> (VRWorkspace.Streaming.PhaseProtocolClient/<HandleTextMessageAsync>d__94&)
VRWorkspace.Streaming.PhaseProtocolClient:HandleTextMessageAsync (string)
VRWorkspace.Streaming.PhaseProtocolClient/<ReceiveLoopAsync>d__93:MoveNext () (at Assets/VR-Workspace/Scripts/Streaming/PhaseProtocolClient.cs:397)
UnityEngine.UnitySynchronizationContext:ExecuteTasks ()

[PhaseProtocol] Parsed type='candidate' from message len=136
UnityEngine.Debug:Log (object)
VRWorkspace.Streaming.PhaseProtocolClient/<HandleTextMessageAsync>d__94:MoveNext () (at Assets/VR-Workspace/Scripts/Streaming/PhaseProtocolClient.cs:431)
System.Runtime.CompilerServices.AsyncTaskMethodBuilder:Start<VRWorkspace.Streaming.PhaseProtocolClient/<HandleTextMessageAsync>d__94> (VRWorkspace.Streaming.PhaseProtocolClient/<HandleTextMessageAsync>d__94&)
VRWorkspace.Streaming.PhaseProtocolClient:HandleTextMessageAsync (string)
VRWorkspace.Streaming.PhaseProtocolClient/<ReceiveLoopAsync>d__93:MoveNext () (at Assets/VR-Workspace/Scripts/Streaming/PhaseProtocolClient.cs:397)
UnityEngine.UnitySynchronizationContext:ExecuteTasks ()

[RTTRemoteMenuController#1] Update #2161, vm=OK, rig=OK, phase=ICENegotiating, streaming=False, panels=Count=2, goActive=True
UnityEngine.Debug:Log (object)
RTTRemoteMenuController:Update () (at Assets/VR-Workspace/Scripts/UI/RTT/Controllers/RTTRemoteMenuController.cs:239)

[PhaseProtocol] Received: {"type":"answer","monitorIndex":0,"sdp":"v=0\r\no=- 56084 0 IN IP4 127.0.0.1\r\ns=sipsorcery\r\nt=0 ...
UnityEngine.Debug:Log (object)
VRWorkspace.Streaming.PhaseProtocolClient/<HandleTextMessageAsync>d__94:MoveNext () (at Assets/VR-Workspace/Scripts/Streaming/PhaseProtocolClient.cs:420)
System.Runtime.CompilerServices.AsyncTaskMethodBuilder:Start<VRWorkspace.Streaming.PhaseProtocolClient/<HandleTextMessageAsync>d__94> (VRWorkspace.Streaming.PhaseProtocolClient/<HandleTextMessageAsync>d__94&)
VRWorkspace.Streaming.PhaseProtocolClient:HandleTextMessageAsync (string)
VRWorkspace.Streaming.PhaseProtocolClient/<ReceiveLoopAsync>d__93:MoveNext () (at Assets/VR-Workspace/Scripts/Streaming/PhaseProtocolClient.cs:397)
UnityEngine.UnitySynchronizationContext:ExecuteTasks ()

[PhaseProtocol] Parsed type='answer' from message len=1351
UnityEngine.Debug:Log (object)
VRWorkspace.Streaming.PhaseProtocolClient/<HandleTextMessageAsync>d__94:MoveNext () (at Assets/VR-Workspace/Scripts/Streaming/PhaseProtocolClient.cs:431)
System.Runtime.CompilerServices.AsyncTaskMethodBuilder:Start<VRWorkspace.Streaming.PhaseProtocolClient/<HandleTextMessageAsync>d__94> (VRWorkspace.Streaming.PhaseProtocolClient/<HandleTextMessageAsync>d__94&)
VRWorkspace.Streaming.PhaseProtocolClient:HandleTextMessageAsync (string)
VRWorkspace.Streaming.PhaseProtocolClient/<ReceiveLoopAsync>d__93:MoveNext () (at Assets/VR-Workspace/Scripts/Streaming/PhaseProtocolClient.cs:397)
UnityEngine.UnitySynchronizationContext:ExecuteTasks ()

[PhaseProtocol] PC0 raw SDP preview: v=0\r\no=- 56084 0 IN IP4 127.0.0.1\r\ns=sipsorcery\r\nt=0 0\r\na=group:BUNDLE 0\r\nm=video 9 UDP/TLS/RTP/SAVPF 123 122 121 120\r\nc=IN IP4 0.0.0.0\r\na=ice-ufrag:UXWS\r\na=ice-pwd:KTQJXFIPIJDKCFADRPCYFPAX\r\na=fingerp
UnityEngine.Debug:Log (object)
VRWorkspace.Streaming.PhaseProtocolClient/<HandleAnswerAsync>d__119:MoveNext () (at Assets/VR-Workspace/Scripts/Streaming/PhaseProtocolClient.cs:1373)
System.Runtime.CompilerServices.AsyncTaskMethodBuilder:Start<VRWorkspace.Streaming.PhaseProtocolClient/<HandleAnswerAsync>d__119> (VRWorkspace.Streaming.PhaseProtocolClient/<HandleAnswerAsync>d__119&)
VRWorkspace.Streaming.PhaseProtocolClient:HandleAnswerAsync (VRWorkspace.Streaming.SimpleJson)
VRWorkspace.Streaming.PhaseProtocolClient/<HandleTextMessageAsync>d__94:MoveNext () (at Assets/VR-Workspace/Scripts/Streaming/PhaseProtocolClient.cs:473)
System.Runtime.CompilerServices.AsyncTaskMethodBuilder:Start<VRWorkspace.Streaming.PhaseProtocolClient/<HandleTextMessageAsync>d__94> (VRWorkspace.Streaming.PhaseProtocolClient/<HandleTextMessageAsync>d__94&)
VRWorkspace.Streaming.PhaseProtocolClient:HandleTextMessageAsync (string)
VRWorkspace.Streaming.PhaseProtocolClient/<ReceiveLoopAsync>d__93:MoveNext () (at Assets/VR-Workspace/Scripts/Streaming/PhaseProtocolClient.cs:397)
UnityEngine.UnitySynchronizationContext:ExecuteTasks ()

[PhaseProtocol] FixSdp result preview: v=0 | o=- 56084 0 IN IP4 127.0.0.1 | s=sipsorcery | t=0 0 | a=group:BUNDLE 0
UnityEngine.Debug:Log (object)
VRWorkspace.Streaming.PhaseProtocolClient:FixSdp (string) (at Assets/VR-Workspace/Scripts/Streaming/PhaseProtocolClient.cs:2144)
VRWorkspace.Streaming.PhaseProtocolClient/<HandleAnswerAsync>d__119:MoveNext () (at Assets/VR-Workspace/Scripts/Streaming/PhaseProtocolClient.cs:1375)
System.Runtime.CompilerServices.AsyncTaskMethodBuilder:Start<VRWorkspace.Streaming.PhaseProtocolClient/<HandleAnswerAsync>d__119> (VRWorkspace.Streaming.PhaseProtocolClient/<HandleAnswerAsync>d__119&)
VRWorkspace.Streaming.PhaseProtocolClient:HandleAnswerAsync (VRWorkspace.Streaming.SimpleJson)
VRWorkspace.Streaming.PhaseProtocolClient/<HandleTextMessageAsync>d__94:MoveNext () (at Assets/VR-Workspace/Scripts/Streaming/PhaseProtocolClient.cs:473)
System.Runtime.CompilerServices.AsyncTaskMethodBuilder:Start<VRWorkspace.Streaming.PhaseProtocolClient/<HandleTextMessageAsync>d__94> (VRWorkspace.Streaming.PhaseProtocolClient/<HandleTextMessageAsync>d__94&)
VRWorkspace.Streaming.PhaseProtocolClient:HandleTextMessageAsync (string)
VRWorkspace.Streaming.PhaseProtocolClient/<ReceiveLoopAsync>d__93:MoveNext () (at Assets/VR-Workspace/Scripts/Streaming/PhaseProtocolClient.cs:397)
UnityEngine.UnitySynchronizationContext:ExecuteTasks ()

[PhaseProtocol] FixSdp total lines: 33, result length: 1242
UnityEngine.Debug:Log (object)
VRWorkspace.Streaming.PhaseProtocolClient:FixSdp (string) (at Assets/VR-Workspace/Scripts/Streaming/PhaseProtocolClient.cs:2145)
VRWorkspace.Streaming.PhaseProtocolClient/<HandleAnswerAsync>d__119:MoveNext () (at Assets/VR-Workspace/Scripts/Streaming/PhaseProtocolClient.cs:1375)
System.Runtime.CompilerServices.AsyncTaskMethodBuilder:Start<VRWorkspace.Streaming.PhaseProtocolClient/<HandleAnswerAsync>d__119> (VRWorkspace.Streaming.PhaseProtocolClient/<HandleAnswerAsync>d__119&)
VRWorkspace.Streaming.PhaseProtocolClient:HandleAnswerAsync (VRWorkspace.Streaming.SimpleJson)
VRWorkspace.Streaming.PhaseProtocolClient/<HandleTextMessageAsync>d__94:MoveNext () (at Assets/VR-Workspace/Scripts/Streaming/PhaseProtocolClient.cs:473)
System.Runtime.CompilerServices.AsyncTaskMethodBuilder:Start<VRWorkspace.Streaming.PhaseProtocolClient/<HandleTextMessageAsync>d__94> (VRWorkspace.Streaming.PhaseProtocolClient/<HandleTextMessageAsync>d__94&)
VRWorkspace.Streaming.PhaseProtocolClient:HandleTextMessageAsync (string)
VRWorkspace.Streaming.PhaseProtocolClient/<ReceiveLoopAsync>d__93:MoveNext () (at Assets/VR-Workspace/Scripts/Streaming/PhaseProtocolClient.cs:397)
UnityEngine.UnitySynchronizationContext:ExecuteTasks ()

[PhaseProtocol] PC0 received answer (SDP: 1240 -> 1242 bytes)
UnityEngine.Debug:Log (object)
VRWorkspace.Streaming.PhaseProtocolClient/<HandleAnswerAsync>d__119:MoveNext () (at Assets/VR-Workspace/Scripts/Streaming/PhaseProtocolClient.cs:1377)
System.Runtime.CompilerServices.AsyncTaskMethodBuilder:Start<VRWorkspace.Streaming.PhaseProtocolClient/<HandleAnswerAsync>d__119> (VRWorkspace.Streaming.PhaseProtocolClient/<HandleAnswerAsync>d__119&)
VRWorkspace.Streaming.PhaseProtocolClient:HandleAnswerAsync (VRWorkspace.Streaming.SimpleJson)
VRWorkspace.Streaming.PhaseProtocolClient/<HandleTextMessageAsync>d__94:MoveNext () (at Assets/VR-Workspace/Scripts/Streaming/PhaseProtocolClient.cs:473)
System.Runtime.CompilerServices.AsyncTaskMethodBuilder:Start<VRWorkspace.Streaming.PhaseProtocolClient/<HandleTextMessageAsync>d__94> (VRWorkspace.Streaming.PhaseProtocolClient/<HandleTextMessageAsync>d__94&)
VRWorkspace.Streaming.PhaseProtocolClient:HandleTextMessageAsync (string)
VRWorkspace.Streaming.PhaseProtocolClient/<ReceiveLoopAsync>d__93:MoveNext () (at Assets/VR-Workspace/Scripts/Streaming/PhaseProtocolClient.cs:397)
UnityEngine.UnitySynchronizationContext:ExecuteTasks ()

[PhaseProtocol] PC0 ICE: Checking
UnityEngine.Debug:Log (object)
VRWorkspace.Streaming.PhaseProtocolClient/<>c__DisplayClass118_0:<SetupPCEventHandlers>b__0 (Unity.WebRTC.RTCIceConnectionState) (at Assets/VR-Workspace/Scripts/Streaming/PhaseProtocolClient.cs:1261)
Unity.WebRTC.RTCPeerConnection/<>c__DisplayClass50_0:<PCOnIceConnectionChange>b__0 () (at ./Library/PackageCache/com.unity.webrtc@3.0.0-pre.8/Runtime/Scripts/RTCPeerConnection.cs:443)
Unity.WebRTC.WebRTC:SendOrPostCallback (object) (at ./Library/PackageCache/com.unity.webrtc@3.0.0-pre.8/Runtime/Scripts/WebRTC.cs:1169)
Unity.WebRTC.ExecutableUnitySynchronizationContext/WorkRequest:Invoke () (at ./Library/PackageCache/com.unity.webrtc@3.0.0-pre.8/Runtime/Scripts/Internal/ExecutableUnitySynchronizationContext.cs:224)
Unity.WebRTC.ExecutableUnitySynchronizationContext:Execute () (at ./Library/PackageCache/com.unity.webrtc@3.0.0-pre.8/Runtime/Scripts/Internal/ExecutableUnitySynchronizationContext.cs:171)
Unity.WebRTC.ExecutableUnitySynchronizationContext:ExecuteAndAppendNextExecute () (at ./Library/PackageCache/com.unity.webrtc@3.0.0-pre.8/Runtime/Scripts/Internal/ExecutableUnitySynchronizationContext.cs:189)
Unity.WebRTC.ExecutableUnitySynchronizationContext:SendOrPostCallback (object) (at ./Library/PackageCache/com.unity.webrtc@3.0.0-pre.8/Runtime/Scripts/Internal/ExecutableUnitySynchronizationContext.cs:57)
UnityEngine.UnitySynchronizationContext:ExecuteTasks ()

[PhaseProtocol] PC0 received video track
UnityEngine.Debug:Log (object)
VRWorkspace.Streaming.PhaseProtocolClient/<>c__DisplayClass118_0:<SetupPCEventHandlers>b__3 (Unity.WebRTC.RTCTrackEvent) (at Assets/VR-Workspace/Scripts/Streaming/PhaseProtocolClient.cs:1360)
Unity.WebRTC.RTCPeerConnection/<>c__DisplayClass55_0:<PCOnTrack>b__0 () (at ./Library/PackageCache/com.unity.webrtc@3.0.0-pre.8/Runtime/Scripts/RTCPeerConnection.cs:504)
Unity.WebRTC.WebRTC:SendOrPostCallback (object) (at ./Library/PackageCache/com.unity.webrtc@3.0.0-pre.8/Runtime/Scripts/WebRTC.cs:1169)
Unity.WebRTC.ExecutableUnitySynchronizationContext/WorkRequest:Invoke () (at ./Library/PackageCache/com.unity.webrtc@3.0.0-pre.8/Runtime/Scripts/Internal/ExecutableUnitySynchronizationContext.cs:224)
Unity.WebRTC.ExecutableUnitySynchronizationContext:Execute () (at ./Library/PackageCache/com.unity.webrtc@3.0.0-pre.8/Runtime/Scripts/Internal/ExecutableUnitySynchronizationContext.cs:171)
Unity.WebRTC.ExecutableUnitySynchronizationContext:ExecuteAndAppendNextExecute () (at ./Library/PackageCache/com.unity.webrtc@3.0.0-pre.8/Runtime/Scripts/Internal/ExecutableUnitySynchronizationContext.cs:189)
Unity.WebRTC.ExecutableUnitySynchronizationContext:SendOrPostCallback (object) (at ./Library/PackageCache/com.unity.webrtc@3.0.0-pre.8/Runtime/Scripts/Internal/ExecutableUnitySynchronizationContext.cs:57)
UnityEngine.UnitySynchronizationContext:ExecuteTasks ()

[PhaseProtocol] Received: {"type":"candidate","monitorIndex":0,"candidate":"candidate:894532200 1 udp 2113937663 192.168.1.41 ...
UnityEngine.Debug:Log (object)
VRWorkspace.Streaming.PhaseProtocolClient/<HandleTextMessageAsync>d__94:MoveNext () (at Assets/VR-Workspace/Scripts/Streaming/PhaseProtocolClient.cs:420)
System.Runtime.CompilerServices.AsyncTaskMethodBuilder:Start<VRWorkspace.Streaming.PhaseProtocolClient/<HandleTextMessageAsync>d__94> (VRWorkspace.Streaming.PhaseProtocolClient/<HandleTextMessageAsync>d__94&)
VRWorkspace.Streaming.PhaseProtocolClient:HandleTextMessageAsync (string)
VRWorkspace.Streaming.PhaseProtocolClient/<ReceiveLoopAsync>d__93:MoveNext () (at Assets/VR-Workspace/Scripts/Streaming/PhaseProtocolClient.cs:397)
UnityEngine.UnitySynchronizationContext:ExecuteTasks ()

[PhaseProtocol] Parsed type='candidate' from message len=129
UnityEngine.Debug:Log (object)
VRWorkspace.Streaming.PhaseProtocolClient/<HandleTextMessageAsync>d__94:MoveNext () (at Assets/VR-Workspace/Scripts/Streaming/PhaseProtocolClient.cs:431)
System.Runtime.CompilerServices.AsyncTaskMethodBuilder:Start<VRWorkspace.Streaming.PhaseProtocolClient/<HandleTextMessageAsync>d__94> (VRWorkspace.Streaming.PhaseProtocolClient/<HandleTextMessageAsync>d__94&)
VRWorkspace.Streaming.PhaseProtocolClient:HandleTextMessageAsync (string)
VRWorkspace.Streaming.PhaseProtocolClient/<ReceiveLoopAsync>d__93:MoveNext () (at Assets/VR-Workspace/Scripts/Streaming/PhaseProtocolClient.cs:397)
UnityEngine.UnitySynchronizationContext:ExecuteTasks ()

[PhaseProtocol] PC0 answer set OK (17ms)
UnityEngine.Debug:Log (object)
VRWorkspace.Streaming.PhaseProtocolClient/<HandleAnswerAsync>d__119:MoveNext () (at Assets/VR-Workspace/Scripts/Streaming/PhaseProtocolClient.cs:1432)
UnityEngine.UnitySynchronizationContext:ExecuteTasks ()

[PhaseProtocol] PC0 Added ICE candidate
UnityEngine.Debug:Log (object)
VRWorkspace.Streaming.PhaseProtocolClient:AddIceCandidate (VRWorkspace.Streaming.PhaseProtocolClient/PCWrapper,string) (at Assets/VR-Workspace/Scripts/Streaming/PhaseProtocolClient.cs:1538)
VRWorkspace.Streaming.PhaseProtocolClient/<HandleAnswerAsync>d__119:MoveNext () (at Assets/VR-Workspace/Scripts/Streaming/PhaseProtocolClient.cs:1442)
UnityEngine.UnitySynchronizationContext:ExecuteTasks ()

[PhaseProtocol] CheckIceComplete: 1/2 PCs have answers (expected 2 total), phase=ICENegotiating
UnityEngine.Debug:Log (object)
VRWorkspace.Streaming.PhaseProtocolClient:CheckIceComplete () (at Assets/VR-Workspace/Scripts/Streaming/PhaseProtocolClient.cs:1555)
VRWorkspace.Streaming.PhaseProtocolClient/<HandleAnswerAsync>d__119:MoveNext () (at Assets/VR-Workspace/Scripts/Streaming/PhaseProtocolClient.cs:1445)
UnityEngine.UnitySynchronizationContext:ExecuteTasks ()

[PhaseProtocol] PC0 State: Connecting
UnityEngine.Debug:Log (object)
VRWorkspace.Streaming.PhaseProtocolClient/<>c__DisplayClass118_0:<SetupPCEventHandlers>b__1 (Unity.WebRTC.RTCPeerConnectionState) (at Assets/VR-Workspace/Scripts/Streaming/PhaseProtocolClient.cs:1284)
Unity.WebRTC.RTCPeerConnection/<>c__DisplayClass51_0:<PCOnConnectionStateChange>b__0 () (at ./Library/PackageCache/com.unity.webrtc@3.0.0-pre.8/Runtime/Scripts/RTCPeerConnection.cs:455)
Unity.WebRTC.WebRTC:SendOrPostCallback (object) (at ./Library/PackageCache/com.unity.webrtc@3.0.0-pre.8/Runtime/Scripts/WebRTC.cs:1169)
Unity.WebRTC.ExecutableUnitySynchronizationContext/WorkRequest:Invoke () (at ./Library/PackageCache/com.unity.webrtc@3.0.0-pre.8/Runtime/Scripts/Internal/ExecutableUnitySynchronizationContext.cs:224)
Unity.WebRTC.ExecutableUnitySynchronizationContext:Execute () (at ./Library/PackageCache/com.unity.webrtc@3.0.0-pre.8/Runtime/Scripts/Internal/ExecutableUnitySynchronizationContext.cs:171)
Unity.WebRTC.ExecutableUnitySynchronizationContext:ExecuteAndAppendNextExecute () (at ./Library/PackageCache/com.unity.webrtc@3.0.0-pre.8/Runtime/Scripts/Internal/ExecutableUnitySynchronizationContext.cs:189)
Unity.WebRTC.ExecutableUnitySynchronizationContext:SendOrPostCallback (object) (at ./Library/PackageCache/com.unity.webrtc@3.0.0-pre.8/Runtime/Scripts/Internal/ExecutableUnitySynchronizationContext.cs:57)
UnityEngine.UnitySynchronizationContext:ExecuteTasks ()

[PhaseProtocol] Received: {"type":"candidate","monitorIndex":0,"candidate":"candidate:3827036383 1 udp 2113940223 2402:800:6d6...
UnityEngine.Debug:Log (object)
VRWorkspace.Streaming.PhaseProtocolClient/<HandleTextMessageAsync>d__94:MoveNext () (at Assets/VR-Workspace/Scripts/Streaming/PhaseProtocolClient.cs:420)
System.Runtime.CompilerServices.AsyncTaskMethodBuilder:Start<VRWorkspace.Streaming.PhaseProtocolClient/<HandleTextMessageAsync>d__94> (VRWorkspace.Streaming.PhaseProtocolClient/<HandleTextMessageAsync>d__94&)
VRWorkspace.Streaming.PhaseProtocolClient:HandleTextMessageAsync (string)
VRWorkspace.Streaming.PhaseProtocolClient/<ReceiveLoopAsync>d__93:MoveNext () (at Assets/VR-Workspace/Scripts/Streaming/PhaseProtocolClient.cs:397)
UnityEngine.UnitySynchronizationContext:ExecuteTasks ()

[PhaseProtocol] Parsed type='candidate' from message len=155
UnityEngine.Debug:Log (object)
VRWorkspace.Streaming.PhaseProtocolClient/<HandleTextMessageAsync>d__94:MoveNext () (at Assets/VR-Workspace/Scripts/Streaming/PhaseProtocolClient.cs:431)
System.Runtime.CompilerServices.AsyncTaskMethodBuilder:Start<VRWorkspace.Streaming.PhaseProtocolClient/<HandleTextMessageAsync>d__94> (VRWorkspace.Streaming.PhaseProtocolClient/<HandleTextMessageAsync>d__94&)
VRWorkspace.Streaming.PhaseProtocolClient:HandleTextMessageAsync (string)
VRWorkspace.Streaming.PhaseProtocolClient/<ReceiveLoopAsync>d__93:MoveNext () (at Assets/VR-Workspace/Scripts/Streaming/PhaseProtocolClient.cs:397)
UnityEngine.UnitySynchronizationContext:ExecuteTasks ()

[PhaseProtocol] PC0 Added ICE candidate
UnityEngine.Debug:Log (object)
VRWorkspace.Streaming.PhaseProtocolClient:AddIceCandidate (VRWorkspace.Streaming.PhaseProtocolClient/PCWrapper,string) (at Assets/VR-Workspace/Scripts/Streaming/PhaseProtocolClient.cs:1538)
VRWorkspace.Streaming.PhaseProtocolClient:HandleCandidate (VRWorkspace.Streaming.SimpleJson) (at Assets/VR-Workspace/Scripts/Streaming/PhaseProtocolClient.cs:1498)
VRWorkspace.Streaming.PhaseProtocolClient/<HandleTextMessageAsync>d__94:MoveNext () (at Assets/VR-Workspace/Scripts/Streaming/PhaseProtocolClient.cs:478)
System.Runtime.CompilerServices.AsyncTaskMethodBuilder:Start<VRWorkspace.Streaming.PhaseProtocolClient/<HandleTextMessageAsync>d__94> (VRWorkspace.Streaming.PhaseProtocolClient/<HandleTextMessageAsync>d__94&)
VRWorkspace.Streaming.PhaseProtocolClient:HandleTextMessageAsync (string)
VRWorkspace.Streaming.PhaseProtocolClient/<ReceiveLoopAsync>d__93:MoveNext () (at Assets/VR-Workspace/Scripts/Streaming/PhaseProtocolClient.cs:397)
UnityEngine.UnitySynchronizationContext:ExecuteTasks ()

[PhaseProtocol] Received: {"type":"candidate","monitorIndex":0,"candidate":"candidate:3876557719 1 udp 2113940223 2402:800:6d6...
UnityEngine.Debug:Log (object)
VRWorkspace.Streaming.PhaseProtocolClient/<HandleTextMessageAsync>d__94:MoveNext () (at Assets/VR-Workspace/Scripts/Streaming/PhaseProtocolClient.cs:420)
System.Runtime.CompilerServices.AsyncTaskMethodBuilder:Start<VRWorkspace.Streaming.PhaseProtocolClient/<HandleTextMessageAsync>d__94> (VRWorkspace.Streaming.PhaseProtocolClient/<HandleTextMessageAsync>d__94&)
VRWorkspace.Streaming.PhaseProtocolClient:HandleTextMessageAsync (string)
VRWorkspace.Streaming.PhaseProtocolClient/<ReceiveLoopAsync>d__93:MoveNext () (at Assets/VR-Workspace/Scripts/Streaming/PhaseProtocolClient.cs:397)
UnityEngine.UnitySynchronizationContext:ExecuteTasks ()

[PhaseProtocol] Parsed type='candidate' from message len=156
UnityEngine.Debug:Log (object)
VRWorkspace.Streaming.PhaseProtocolClient/<HandleTextMessageAsync>d__94:MoveNext () (at Assets/VR-Workspace/Scripts/Streaming/PhaseProtocolClient.cs:431)
System.Runtime.CompilerServices.AsyncTaskMethodBuilder:Start<VRWorkspace.Streaming.PhaseProtocolClient/<HandleTextMessageAsync>d__94> (VRWorkspace.Streaming.PhaseProtocolClient/<HandleTextMessageAsync>d__94&)
VRWorkspace.Streaming.PhaseProtocolClient:HandleTextMessageAsync (string)
VRWorkspace.Streaming.PhaseProtocolClient/<ReceiveLoopAsync>d__93:MoveNext () (at Assets/VR-Workspace/Scripts/Streaming/PhaseProtocolClient.cs:397)
UnityEngine.UnitySynchronizationContext:ExecuteTasks ()

[PhaseProtocol] PC0 State: Connected
UnityEngine.Debug:Log (object)
VRWorkspace.Streaming.PhaseProtocolClient/<>c__DisplayClass118_0:<SetupPCEventHandlers>b__1 (Unity.WebRTC.RTCPeerConnectionState) (at Assets/VR-Workspace/Scripts/Streaming/PhaseProtocolClient.cs:1284)
Unity.WebRTC.RTCPeerConnection/<>c__DisplayClass51_0:<PCOnConnectionStateChange>b__0 () (at ./Library/PackageCache/com.unity.webrtc@3.0.0-pre.8/Runtime/Scripts/RTCPeerConnection.cs:455)
Unity.WebRTC.WebRTC:SendOrPostCallback (object) (at ./Library/PackageCache/com.unity.webrtc@3.0.0-pre.8/Runtime/Scripts/WebRTC.cs:1169)
Unity.WebRTC.ExecutableUnitySynchronizationContext/WorkRequest:Invoke () (at ./Library/PackageCache/com.unity.webrtc@3.0.0-pre.8/Runtime/Scripts/Internal/ExecutableUnitySynchronizationContext.cs:224)
Unity.WebRTC.ExecutableUnitySynchronizationContext:Execute () (at ./Library/PackageCache/com.unity.webrtc@3.0.0-pre.8/Runtime/Scripts/Internal/ExecutableUnitySynchronizationContext.cs:171)
Unity.WebRTC.ExecutableUnitySynchronizationContext:ExecuteAndAppendNextExecute () (at ./Library/PackageCache/com.unity.webrtc@3.0.0-pre.8/Runtime/Scripts/Internal/ExecutableUnitySynchronizationContext.cs:189)
Unity.WebRTC.ExecutableUnitySynchronizationContext:SendOrPostCallback (object) (at ./Library/PackageCache/com.unity.webrtc@3.0.0-pre.8/Runtime/Scripts/Internal/ExecutableUnitySynchronizationContext.cs:57)
UnityEngine.UnitySynchronizationContext:ExecuteTasks ()

[PhaseProtocol] PC0 ICE: Connected
UnityEngine.Debug:Log (object)
VRWorkspace.Streaming.PhaseProtocolClient/<>c__DisplayClass118_0:<SetupPCEventHandlers>b__0 (Unity.WebRTC.RTCIceConnectionState) (at Assets/VR-Workspace/Scripts/Streaming/PhaseProtocolClient.cs:1261)
Unity.WebRTC.RTCPeerConnection/<>c__DisplayClass50_0:<PCOnIceConnectionChange>b__0 () (at ./Library/PackageCache/com.unity.webrtc@3.0.0-pre.8/Runtime/Scripts/RTCPeerConnection.cs:443)
Unity.WebRTC.WebRTC:SendOrPostCallback (object) (at ./Library/PackageCache/com.unity.webrtc@3.0.0-pre.8/Runtime/Scripts/WebRTC.cs:1169)
Unity.WebRTC.ExecutableUnitySynchronizationContext/WorkRequest:Invoke () (at ./Library/PackageCache/com.unity.webrtc@3.0.0-pre.8/Runtime/Scripts/Internal/ExecutableUnitySynchronizationContext.cs:224)
Unity.WebRTC.ExecutableUnitySynchronizationContext:Execute () (at ./Library/PackageCache/com.unity.webrtc@3.0.0-pre.8/Runtime/Scripts/Internal/ExecutableUnitySynchronizationContext.cs:171)
Unity.WebRTC.ExecutableUnitySynchronizationContext:ExecuteAndAppendNextExecute () (at ./Library/PackageCache/com.unity.webrtc@3.0.0-pre.8/Runtime/Scripts/Internal/ExecutableUnitySynchronizationContext.cs:189)
Unity.WebRTC.ExecutableUnitySynchronizationContext:SendOrPostCallback (object) (at ./Library/PackageCache/com.unity.webrtc@3.0.0-pre.8/Runtime/Scripts/Internal/ExecutableUnitySynchronizationContext.cs:57)
UnityEngine.UnitySynchronizationContext:ExecuteTasks ()

[ConnectionViewModel] Monitor 0 ICE complete. Ready: 1/2
UnityEngine.Debug:Log (object)
VRWorkspace.ViewModels.ConnectionViewModel/<>c__DisplayClass94_0:<SubscribeToEvents>b__14 (int) (at Assets/VR-Workspace/Scripts/ViewModels/ConnectionViewModel.cs:566)
VRWorkspace.Streaming.PhaseProtocolClient/<>c__DisplayClass118_0:<SetupPCEventHandlers>b__0 (Unity.WebRTC.RTCIceConnectionState) (at Assets/VR-Workspace/Scripts/Streaming/PhaseProtocolClient.cs:1277)
Unity.WebRTC.RTCPeerConnection/<>c__DisplayClass50_0:<PCOnIceConnectionChange>b__0 () (at ./Library/PackageCache/com.unity.webrtc@3.0.0-pre.8/Runtime/Scripts/RTCPeerConnection.cs:443)
Unity.WebRTC.WebRTC:SendOrPostCallback (object) (at ./Library/PackageCache/com.unity.webrtc@3.0.0-pre.8/Runtime/Scripts/WebRTC.cs:1169)
Unity.WebRTC.ExecutableUnitySynchronizationContext/WorkRequest:Invoke () (at ./Library/PackageCache/com.unity.webrtc@3.0.0-pre.8/Runtime/Scripts/Internal/ExecutableUnitySynchronizationContext.cs:224)
Unity.WebRTC.ExecutableUnitySynchronizationContext:Execute () (at ./Library/PackageCache/com.unity.webrtc@3.0.0-pre.8/Runtime/Scripts/Internal/ExecutableUnitySynchronizationContext.cs:171)
Unity.WebRTC.ExecutableUnitySynchronizationContext:ExecuteAndAppendNextExecute () (at ./Library/PackageCache/com.unity.webrtc@3.0.0-pre.8/Runtime/Scripts/Internal/ExecutableUnitySynchronizationContext.cs:189)
Unity.WebRTC.ExecutableUnitySynchronizationContext:SendOrPostCallback (object) (at ./Library/PackageCache/com.unity.webrtc@3.0.0-pre.8/Runtime/Scripts/Internal/ExecutableUnitySynchronizationContext.cs:57)
UnityEngine.UnitySynchronizationContext:ExecuteTasks ()

[PhaseProtocol] CheckAllMonitorsConnected: 1/2
UnityEngine.Debug:Log (object)
VRWorkspace.Streaming.PhaseProtocolClient:CheckAllMonitorsConnected () (at Assets/VR-Workspace/Scripts/Streaming/PhaseProtocolClient.cs:1794)
VRWorkspace.Streaming.PhaseProtocolClient/<>c__DisplayClass118_0:<SetupPCEventHandlers>b__0 (Unity.WebRTC.RTCIceConnectionState) (at Assets/VR-Workspace/Scripts/Streaming/PhaseProtocolClient.cs:1278)
Unity.WebRTC.RTCPeerConnection/<>c__DisplayClass50_0:<PCOnIceConnectionChange>b__0 () (at ./Library/PackageCache/com.unity.webrtc@3.0.0-pre.8/Runtime/Scripts/RTCPeerConnection.cs:443)
Unity.WebRTC.WebRTC:SendOrPostCallback (object) (at ./Library/PackageCache/com.unity.webrtc@3.0.0-pre.8/Runtime/Scripts/WebRTC.cs:1169)
Unity.WebRTC.ExecutableUnitySynchronizationContext/WorkRequest:Invoke () (at ./Library/PackageCache/com.unity.webrtc@3.0.0-pre.8/Runtime/Scripts/Internal/ExecutableUnitySynchronizationContext.cs:224)
Unity.WebRTC.ExecutableUnitySynchronizationContext:Execute () (at ./Library/PackageCache/com.unity.webrtc@3.0.0-pre.8/Runtime/Scripts/Internal/ExecutableUnitySynchronizationContext.cs:171)
Unity.WebRTC.ExecutableUnitySynchronizationContext:ExecuteAndAppendNextExecute () (at ./Library/PackageCache/com.unity.webrtc@3.0.0-pre.8/Runtime/Scripts/Internal/ExecutableUnitySynchronizationContext.cs:189)
Unity.WebRTC.ExecutableUnitySynchronizationContext:SendOrPostCallback (object) (at ./Library/PackageCache/com.unity.webrtc@3.0.0-pre.8/Runtime/Scripts/Internal/ExecutableUnitySynchronizationContext.cs:57)
UnityEngine.UnitySynchronizationContext:ExecuteTasks ()

[PhaseProtocol] Received: {"type":"candidate","monitorIndex":1,"candidate":"3876557719 1 udp 2113940223 2402:800:6d62:c0d9:291...
UnityEngine.Debug:Log (object)
VRWorkspace.Streaming.PhaseProtocolClient/<HandleTextMessageAsync>d__94:MoveNext () (at Assets/VR-Workspace/Scripts/Streaming/PhaseProtocolClient.cs:420)
System.Runtime.CompilerServices.AsyncTaskMethodBuilder:Start<VRWorkspace.Streaming.PhaseProtocolClient/<HandleTextMessageAsync>d__94> (VRWorkspace.Streaming.PhaseProtocolClient/<HandleTextMessageAsync>d__94&)
VRWorkspace.Streaming.PhaseProtocolClient:HandleTextMessageAsync (string)
VRWorkspace.Streaming.PhaseProtocolClient/<ReceiveLoopAsync>d__93:MoveNext () (at Assets/VR-Workspace/Scripts/Streaming/PhaseProtocolClient.cs:397)
UnityEngine.UnitySynchronizationContext:ExecuteTasks ()

[PhaseProtocol] PC1 received ICE candidate
UnityEngine.Debug:Log (object)
VRWorkspace.Streaming.PhaseProtocolClient:HandleCandidate (VRWorkspace.Streaming.SimpleJson) (at Assets/VR-Workspace/Scripts/Streaming/PhaseProtocolClient.cs:1488)
VRWorkspace.Streaming.PhaseProtocolClient/<HandleTextMessageAsync>d__94:MoveNext () (at Assets/VR-Workspace/Scripts/Streaming/PhaseProtocolClient.cs:478)
System.Runtime.CompilerServices.AsyncTaskMethodBuilder:Start<VRWorkspace.Streaming.PhaseProtocolClient/<HandleTextMessageAsync>d__94> (VRWorkspace.Streaming.PhaseProtocolClient/<HandleTextMessageAsync>d__94&)
VRWorkspace.Streaming.PhaseProtocolClient:HandleTextMessageAsync (string)
VRWorkspace.Streaming.PhaseProtocolClient/<ReceiveLoopAsync>d__93:MoveNext () (at Assets/VR-Workspace/Scripts/Streaming/PhaseProtocolClient.cs:397)
UnityEngine.UnitySynchronizationContext:ExecuteTasks ()

[PhaseProtocol] Received: {"type":"candidate","monitorIndex":1,"candidate":"3827036383 1 udp 2113940223 2402:800:6d62:c0d9:81c...
UnityEngine.Debug:Log (object)
VRWorkspace.Streaming.PhaseProtocolClient/<HandleTextMessageAsync>d__94:MoveNext () (at Assets/VR-Workspace/Scripts/Streaming/PhaseProtocolClient.cs:420)
System.Runtime.CompilerServices.AsyncTaskMethodBuilder:Start<VRWorkspace.Streaming.PhaseProtocolClient/<HandleTextMessageAsync>d__94> (VRWorkspace.Streaming.PhaseProtocolClient/<HandleTextMessageAsync>d__94&)
VRWorkspace.Streaming.PhaseProtocolClient:HandleTextMessageAsync (string)
VRWorkspace.Streaming.PhaseProtocolClient/<ReceiveLoopAsync>d__93:MoveNext () (at Assets/VR-Workspace/Scripts/Streaming/PhaseProtocolClient.cs:397)
UnityEngine.UnitySynchronizationContext:ExecuteTasks ()

[PhaseProtocol] Received: {"type":"candidate","monitorIndex":1,"candidate":"894532200 1 udp 2113937663 192.168.1.41 52624 typ ...
UnityEngine.Debug:Log (object)
VRWorkspace.Streaming.PhaseProtocolClient/<HandleTextMessageAsync>d__94:MoveNext () (at Assets/VR-Workspace/Scripts/Streaming/PhaseProtocolClient.cs:420)
System.Runtime.CompilerServices.AsyncTaskMethodBuilder:Start<VRWorkspace.Streaming.PhaseProtocolClient/<HandleTextMessageAsync>d__94> (VRWorkspace.Streaming.PhaseProtocolClient/<HandleTextMessageAsync>d__94&)
VRWorkspace.Streaming.PhaseProtocolClient:HandleTextMessageAsync (string)
VRWorkspace.Streaming.PhaseProtocolClient/<ReceiveLoopAsync>d__93:MoveNext () (at Assets/VR-Workspace/Scripts/Streaming/PhaseProtocolClient.cs:397)
UnityEngine.UnitySynchronizationContext:ExecuteTasks ()

[PhaseProtocol] PC0 ICE: Completed
UnityEngine.Debug:Log (object)
VRWorkspace.Streaming.PhaseProtocolClient/<>c__DisplayClass118_0:<SetupPCEventHandlers>b__0 (Unity.WebRTC.RTCIceConnectionState) (at Assets/VR-Workspace/Scripts/Streaming/PhaseProtocolClient.cs:1261)
Unity.WebRTC.RTCPeerConnection/<>c__DisplayClass50_0:<PCOnIceConnectionChange>b__0 () (at ./Library/PackageCache/com.unity.webrtc@3.0.0-pre.8/Runtime/Scripts/RTCPeerConnection.cs:443)
Unity.WebRTC.WebRTC:SendOrPostCallback (object) (at ./Library/PackageCache/com.unity.webrtc@3.0.0-pre.8/Runtime/Scripts/WebRTC.cs:1169)
Unity.WebRTC.ExecutableUnitySynchronizationContext/WorkRequest:Invoke () (at ./Library/PackageCache/com.unity.webrtc@3.0.0-pre.8/Runtime/Scripts/Internal/ExecutableUnitySynchronizationContext.cs:224)
Unity.WebRTC.ExecutableUnitySynchronizationContext:Execute () (at ./Library/PackageCache/com.unity.webrtc@3.0.0-pre.8/Runtime/Scripts/Internal/ExecutableUnitySynchronizationContext.cs:171)
Unity.WebRTC.ExecutableUnitySynchronizationContext:ExecuteAndAppendNextExecute () (at ./Library/PackageCache/com.unity.webrtc@3.0.0-pre.8/Runtime/Scripts/Internal/ExecutableUnitySynchronizationContext.cs:189)
Unity.WebRTC.ExecutableUnitySynchronizationContext:SendOrPostCallback (object) (at ./Library/PackageCache/com.unity.webrtc@3.0.0-pre.8/Runtime/Scripts/Internal/ExecutableUnitySynchronizationContext.cs:57)
UnityEngine.UnitySynchronizationContext:ExecuteTasks ()

[ConnectionViewModel] Monitor 0 ICE complete. Ready: 2/2
UnityEngine.Debug:Log (object)
VRWorkspace.ViewModels.ConnectionViewModel/<>c__DisplayClass94_0:<SubscribeToEvents>b__14 (int) (at Assets/VR-Workspace/Scripts/ViewModels/ConnectionViewModel.cs:566)
VRWorkspace.Streaming.PhaseProtocolClient/<>c__DisplayClass118_0:<SetupPCEventHandlers>b__0 (Unity.WebRTC.RTCIceConnectionState) (at Assets/VR-Workspace/Scripts/Streaming/PhaseProtocolClient.cs:1277)
Unity.WebRTC.RTCPeerConnection/<>c__DisplayClass50_0:<PCOnIceConnectionChange>b__0 () (at ./Library/PackageCache/com.unity.webrtc@3.0.0-pre.8/Runtime/Scripts/RTCPeerConnection.cs:443)
Unity.WebRTC.WebRTC:SendOrPostCallback (object) (at ./Library/PackageCache/com.unity.webrtc@3.0.0-pre.8/Runtime/Scripts/WebRTC.cs:1169)
Unity.WebRTC.ExecutableUnitySynchronizationContext/WorkRequest:Invoke () (at ./Library/PackageCache/com.unity.webrtc@3.0.0-pre.8/Runtime/Scripts/Internal/ExecutableUnitySynchronizationContext.cs:224)
Unity.WebRTC.ExecutableUnitySynchronizationContext:Execute () (at ./Library/PackageCache/com.unity.webrtc@3.0.0-pre.8/Runtime/Scripts/Internal/ExecutableUnitySynchronizationContext.cs:171)
Unity.WebRTC.ExecutableUnitySynchronizationContext:ExecuteAndAppendNextExecute () (at ./Library/PackageCache/com.unity.webrtc@3.0.0-pre.8/Runtime/Scripts/Internal/ExecutableUnitySynchronizationContext.cs:189)
Unity.WebRTC.ExecutableUnitySynchronizationContext:SendOrPostCallback (object) (at ./Library/PackageCache/com.unity.webrtc@3.0.0-pre.8/Runtime/Scripts/Internal/ExecutableUnitySynchronizationContext.cs:57)
UnityEngine.UnitySynchronizationContext:ExecuteTasks ()

[RTTRemoteMenuController#1] Update #2221, vm=OK, rig=OK, phase=ICENegotiating, streaming=False, panels=Count=2, goActive=True
UnityEngine.Debug:Log (object)
RTTRemoteMenuController:Update () (at Assets/VR-Workspace/Scripts/UI/RTT/Controllers/RTTRemoteMenuController.cs:239)

[PhaseProtocol] PollTextures PC0: track=valid, tex=null, cached=null, frames=0, lastFrame=480ms ago
UnityEngine.Debug:Log (object)
VRWorkspace.Streaming.PhaseProtocolClient:PollTextures () (at Assets/VR-Workspace/Scripts/Streaming/PhaseProtocolClient.cs:2176)
VRWorkspace.ViewModels.ConnectionViewModel:PollTextures () (at Assets/VR-Workspace/Scripts/ViewModels/ConnectionViewModel.cs:387)
RTTRemoteMenuController:Update () (at Assets/VR-Workspace/Scripts/UI/RTT/Controllers/RTTRemoteMenuController.cs:261)

[PhaseProtocol] Received: {"type":"candidate","monitorIndex":1,"candidate":"1359935623 1 udp 1677730047 27.72.102.134 52624 ty...
UnityEngine.Debug:Log (object)
VRWorkspace.Streaming.PhaseProtocolClient/<HandleTextMessageAsync>d__94:MoveNext () (at Assets/VR-Workspace/Scripts/Streaming/PhaseProtocolClient.cs:420)
System.Runtime.CompilerServices.AsyncTaskMethodBuilder:Start<VRWorkspace.Streaming.PhaseProtocolClient/<HandleTextMessageAsync>d__94> (VRWorkspace.Streaming.PhaseProtocolClient/<HandleTextMessageAsync>d__94&)
VRWorkspace.Streaming.PhaseProtocolClient:HandleTextMessageAsync (string)
VRWorkspace.Streaming.PhaseProtocolClient/<ReceiveLoopAsync>d__93:MoveNext () (at Assets/VR-Workspace/Scripts/Streaming/PhaseProtocolClient.cs:397)
UnityEngine.UnitySynchronizationContext:ExecuteTasks ()

[PhaseProtocol] Received: {"type":"candidate","monitorIndex":1,"candidate":"812489596 1 udp 8447 37.27.44.221 27038 typ relay ...
UnityEngine.Debug:Log (object)
VRWorkspace.Streaming.PhaseProtocolClient/<HandleTextMessageAsync>d__94:MoveNext () (at Assets/VR-Workspace/Scripts/Streaming/PhaseProtocolClient.cs:420)
System.Runtime.CompilerServices.AsyncTaskMethodBuilder:Start<VRWorkspace.Streaming.PhaseProtocolClient/<HandleTextMessageAsync>d__94> (VRWorkspace.Streaming.PhaseProtocolClient/<HandleTextMessageAsync>d__94&)
VRWorkspace.Streaming.PhaseProtocolClient:HandleTextMessageAsync (string)
VRWorkspace.Streaming.PhaseProtocolClient/<ReceiveLoopAsync>d__93:MoveNext () (at Assets/VR-Workspace/Scripts/Streaming/PhaseProtocolClient.cs:397)
UnityEngine.UnitySynchronizationContext:ExecuteTasks ()

[RTTRemoteMenuController#1] Update #2281, vm=OK, rig=OK, phase=ICENegotiating, streaming=False, panels=Count=2, goActive=True
UnityEngine.Debug:Log (object)
RTTRemoteMenuController:Update () (at Assets/VR-Workspace/Scripts/UI/RTT/Controllers/RTTRemoteMenuController.cs:239)

[PhaseProtocol] PollTextures PC0: track=valid, tex=null, cached=null, frames=0, lastFrame=1479ms ago
UnityEngine.Debug:Log (object)
VRWorkspace.Streaming.PhaseProtocolClient:PollTextures () (at Assets/VR-Workspace/Scripts/Streaming/PhaseProtocolClient.cs:2176)
VRWorkspace.ViewModels.ConnectionViewModel:PollTextures () (at Assets/VR-Workspace/Scripts/ViewModels/ConnectionViewModel.cs:387)
RTTRemoteMenuController:Update () (at Assets/VR-Workspace/Scripts/UI/RTT/Controllers/RTTRemoteMenuController.cs:261)

[PhaseProtocol] PC1 State: Connecting
UnityEngine.Debug:Log (object)
VRWorkspace.Streaming.PhaseProtocolClient/<>c__DisplayClass118_0:<SetupPCEventHandlers>b__1 (Unity.WebRTC.RTCPeerConnectionState) (at Assets/VR-Workspace/Scripts/Streaming/PhaseProtocolClient.cs:1284)
Unity.WebRTC.RTCPeerConnection/<>c__DisplayClass51_0:<PCOnConnectionStateChange>b__0 () (at ./Library/PackageCache/com.unity.webrtc@3.0.0-pre.8/Runtime/Scripts/RTCPeerConnection.cs:455)
Unity.WebRTC.WebRTC:SendOrPostCallback (object) (at ./Library/PackageCache/com.unity.webrtc@3.0.0-pre.8/Runtime/Scripts/WebRTC.cs:1169)
Unity.WebRTC.ExecutableUnitySynchronizationContext/WorkRequest:Invoke () (at ./Library/PackageCache/com.unity.webrtc@3.0.0-pre.8/Runtime/Scripts/Internal/ExecutableUnitySynchronizationContext.cs:224)
Unity.WebRTC.ExecutableUnitySynchronizationContext:Execute () (at ./Library/PackageCache/com.unity.webrtc@3.0.0-pre.8/Runtime/Scripts/Internal/ExecutableUnitySynchronizationContext.cs:171)
Unity.WebRTC.ExecutableUnitySynchronizationContext:ExecuteAndAppendNextExecute () (at ./Library/PackageCache/com.unity.webrtc@3.0.0-pre.8/Runtime/Scripts/Internal/ExecutableUnitySynchronizationContext.cs:189)
Unity.WebRTC.ExecutableUnitySynchronizationContext:SendOrPostCallback (object) (at ./Library/PackageCache/com.unity.webrtc@3.0.0-pre.8/Runtime/Scripts/Internal/ExecutableUnitySynchronizationContext.cs:57)
UnityEngine.UnitySynchronizationContext:ExecuteTasks ()

[PhaseProtocol] Received: {"type":"answer","monitorIndex":1,"sdp":"v=0\r\no=- 40884 0 IN IP4 127.0.0.1\r\ns=sipsorcery\r\nt=0 ...
UnityEngine.Debug:Log (object)
VRWorkspace.Streaming.PhaseProtocolClient/<HandleTextMessageAsync>d__94:MoveNext () (at Assets/VR-Workspace/Scripts/Streaming/PhaseProtocolClient.cs:420)
System.Runtime.CompilerServices.AsyncTaskMethodBuilder:Start<VRWorkspace.Streaming.PhaseProtocolClient/<HandleTextMessageAsync>d__94> (VRWorkspace.Streaming.PhaseProtocolClient/<HandleTextMessageAsync>d__94&)
VRWorkspace.Streaming.PhaseProtocolClient:HandleTextMessageAsync (string)
VRWorkspace.Streaming.PhaseProtocolClient/<ReceiveLoopAsync>d__93:MoveNext () (at Assets/VR-Workspace/Scripts/Streaming/PhaseProtocolClient.cs:397)
UnityEngine.UnitySynchronizationContext:ExecuteTasks ()

[PhaseProtocol] PC1 raw SDP preview: v=0\r\no=- 40884 0 IN IP4 127.0.0.1\r\ns=sipsorcery\r\nt=0 0\r\na=group:BUNDLE 0\r\nm=video 9 UDP/TLS/RTP/SAVPF 123 122 121 120\r\nc=IN IP4 0.0.0.0\r\na=ice-ufrag:VMHD\r\na=ice-pwd:IMOKEYUDSKOQYLBXYBKQKWTD\r\na=fingerp
UnityEngine.Debug:Log (object)
VRWorkspace.Streaming.PhaseProtocolClient/<HandleAnswerAsync>d__119:MoveNext () (at Assets/VR-Workspace/Scripts/Streaming/PhaseProtocolClient.cs:1373)
System.Runtime.CompilerServices.AsyncTaskMethodBuilder:Start<VRWorkspace.Streaming.PhaseProtocolClient/<HandleAnswerAsync>d__119> (VRWorkspace.Streaming.PhaseProtocolClient/<HandleAnswerAsync>d__119&)
VRWorkspace.Streaming.PhaseProtocolClient:HandleAnswerAsync (VRWorkspace.Streaming.SimpleJson)
VRWorkspace.Streaming.PhaseProtocolClient/<HandleTextMessageAsync>d__94:MoveNext () (at Assets/VR-Workspace/Scripts/Streaming/PhaseProtocolClient.cs:473)
System.Runtime.CompilerServices.AsyncTaskMethodBuilder:Start<VRWorkspace.Streaming.PhaseProtocolClient/<HandleTextMessageAsync>d__94> (VRWorkspace.Streaming.PhaseProtocolClient/<HandleTextMessageAsync>d__94&)
VRWorkspace.Streaming.PhaseProtocolClient:HandleTextMessageAsync (string)
VRWorkspace.Streaming.PhaseProtocolClient/<ReceiveLoopAsync>d__93:MoveNext () (at Assets/VR-Workspace/Scripts/Streaming/PhaseProtocolClient.cs:397)
UnityEngine.UnitySynchronizationContext:ExecuteTasks ()

[PhaseProtocol] FixSdp result preview: v=0 | o=- 40884 0 IN IP4 127.0.0.1 | s=sipsorcery | t=0 0 | a=group:BUNDLE 0
UnityEngine.Debug:Log (object)
VRWorkspace.Streaming.PhaseProtocolClient:FixSdp (string) (at Assets/VR-Workspace/Scripts/Streaming/PhaseProtocolClient.cs:2144)
VRWorkspace.Streaming.PhaseProtocolClient/<HandleAnswerAsync>d__119:MoveNext () (at Assets/VR-Workspace/Scripts/Streaming/PhaseProtocolClient.cs:1375)
System.Runtime.CompilerServices.AsyncTaskMethodBuilder:Start<VRWorkspace.Streaming.PhaseProtocolClient/<HandleAnswerAsync>d__119> (VRWorkspace.Streaming.PhaseProtocolClient/<HandleAnswerAsync>d__119&)
VRWorkspace.Streaming.PhaseProtocolClient:HandleAnswerAsync (VRWorkspace.Streaming.SimpleJson)
VRWorkspace.Streaming.PhaseProtocolClient/<HandleTextMessageAsync>d__94:MoveNext () (at Assets/VR-Workspace/Scripts/Streaming/PhaseProtocolClient.cs:473)
System.Runtime.CompilerServices.AsyncTaskMethodBuilder:Start<VRWorkspace.Streaming.PhaseProtocolClient/<HandleTextMessageAsync>d__94> (VRWorkspace.Streaming.PhaseProtocolClient/<HandleTextMessageAsync>d__94&)
VRWorkspace.Streaming.PhaseProtocolClient:HandleTextMessageAsync (string)
VRWorkspace.Streaming.PhaseProtocolClient/<ReceiveLoopAsync>d__93:MoveNext () (at Assets/VR-Workspace/Scripts/Streaming/PhaseProtocolClient.cs:397)
UnityEngine.UnitySynchronizationContext:ExecuteTasks ()

[PhaseProtocol] PC1 received answer (SDP: 1240 -> 1242 bytes)
UnityEngine.Debug:Log (object)
VRWorkspace.Streaming.PhaseProtocolClient/<HandleAnswerAsync>d__119:MoveNext () (at Assets/VR-Workspace/Scripts/Streaming/PhaseProtocolClient.cs:1377)
System.Runtime.CompilerServices.AsyncTaskMethodBuilder:Start<VRWorkspace.Streaming.PhaseProtocolClient/<HandleAnswerAsync>d__119> (VRWorkspace.Streaming.PhaseProtocolClient/<HandleAnswerAsync>d__119&)
VRWorkspace.Streaming.PhaseProtocolClient:HandleAnswerAsync (VRWorkspace.Streaming.SimpleJson)
VRWorkspace.Streaming.PhaseProtocolClient/<HandleTextMessageAsync>d__94:MoveNext () (at Assets/VR-Workspace/Scripts/Streaming/PhaseProtocolClient.cs:473)
System.Runtime.CompilerServices.AsyncTaskMethodBuilder:Start<VRWorkspace.Streaming.PhaseProtocolClient/<HandleTextMessageAsync>d__94> (VRWorkspace.Streaming.PhaseProtocolClient/<HandleTextMessageAsync>d__94&)
VRWorkspace.Streaming.PhaseProtocolClient:HandleTextMessageAsync (string)
VRWorkspace.Streaming.PhaseProtocolClient/<ReceiveLoopAsync>d__93:MoveNext () (at Assets/VR-Workspace/Scripts/Streaming/PhaseProtocolClient.cs:397)
UnityEngine.UnitySynchronizationContext:ExecuteTasks ()

[PhaseProtocol] PC1 ICE: Checking
UnityEngine.Debug:Log (object)
VRWorkspace.Streaming.PhaseProtocolClient/<>c__DisplayClass118_0:<SetupPCEventHandlers>b__0 (Unity.WebRTC.RTCIceConnectionState) (at Assets/VR-Workspace/Scripts/Streaming/PhaseProtocolClient.cs:1261)
Unity.WebRTC.RTCPeerConnection/<>c__DisplayClass50_0:<PCOnIceConnectionChange>b__0 () (at ./Library/PackageCache/com.unity.webrtc@3.0.0-pre.8/Runtime/Scripts/RTCPeerConnection.cs:443)
Unity.WebRTC.WebRTC:SendOrPostCallback (object) (at ./Library/PackageCache/com.unity.webrtc@3.0.0-pre.8/Runtime/Scripts/WebRTC.cs:1169)
Unity.WebRTC.ExecutableUnitySynchronizationContext/WorkRequest:Invoke () (at ./Library/PackageCache/com.unity.webrtc@3.0.0-pre.8/Runtime/Scripts/Internal/ExecutableUnitySynchronizationContext.cs:224)
Unity.WebRTC.ExecutableUnitySynchronizationContext:Execute () (at ./Library/PackageCache/com.unity.webrtc@3.0.0-pre.8/Runtime/Scripts/Internal/ExecutableUnitySynchronizationContext.cs:171)
Unity.WebRTC.ExecutableUnitySynchronizationContext:ExecuteAndAppendNextExecute () (at ./Library/PackageCache/com.unity.webrtc@3.0.0-pre.8/Runtime/Scripts/Internal/ExecutableUnitySynchronizationContext.cs:189)
Unity.WebRTC.ExecutableUnitySynchronizationContext:SendOrPostCallback (object) (at ./Library/PackageCache/com.unity.webrtc@3.0.0-pre.8/Runtime/Scripts/Internal/ExecutableUnitySynchronizationContext.cs:57)
UnityEngine.UnitySynchronizationContext:ExecuteTasks ()

[PhaseProtocol] PC1 received video track
UnityEngine.Debug:Log (object)
VRWorkspace.Streaming.PhaseProtocolClient/<>c__DisplayClass118_0:<SetupPCEventHandlers>b__3 (Unity.WebRTC.RTCTrackEvent) (at Assets/VR-Workspace/Scripts/Streaming/PhaseProtocolClient.cs:1360)
Unity.WebRTC.RTCPeerConnection/<>c__DisplayClass55_0:<PCOnTrack>b__0 () (at ./Library/PackageCache/com.unity.webrtc@3.0.0-pre.8/Runtime/Scripts/RTCPeerConnection.cs:504)
Unity.WebRTC.WebRTC:SendOrPostCallback (object) (at ./Library/PackageCache/com.unity.webrtc@3.0.0-pre.8/Runtime/Scripts/WebRTC.cs:1169)
Unity.WebRTC.ExecutableUnitySynchronizationContext/WorkRequest:Invoke () (at ./Library/PackageCache/com.unity.webrtc@3.0.0-pre.8/Runtime/Scripts/Internal/ExecutableUnitySynchronizationContext.cs:224)
Unity.WebRTC.ExecutableUnitySynchronizationContext:Execute () (at ./Library/PackageCache/com.unity.webrtc@3.0.0-pre.8/Runtime/Scripts/Internal/ExecutableUnitySynchronizationContext.cs:171)
Unity.WebRTC.ExecutableUnitySynchronizationContext:ExecuteAndAppendNextExecute () (at ./Library/PackageCache/com.unity.webrtc@3.0.0-pre.8/Runtime/Scripts/Internal/ExecutableUnitySynchronizationContext.cs:189)
Unity.WebRTC.ExecutableUnitySynchronizationContext:SendOrPostCallback (object) (at ./Library/PackageCache/com.unity.webrtc@3.0.0-pre.8/Runtime/Scripts/Internal/ExecutableUnitySynchronizationContext.cs:57)
UnityEngine.UnitySynchronizationContext:ExecuteTasks ()

[PhaseProtocol] PC1 State: Connected
UnityEngine.Debug:Log (object)
VRWorkspace.Streaming.PhaseProtocolClient/<>c__DisplayClass118_0:<SetupPCEventHandlers>b__1 (Unity.WebRTC.RTCPeerConnectionState) (at Assets/VR-Workspace/Scripts/Streaming/PhaseProtocolClient.cs:1284)
Unity.WebRTC.RTCPeerConnection/<>c__DisplayClass51_0:<PCOnConnectionStateChange>b__0 () (at ./Library/PackageCache/com.unity.webrtc@3.0.0-pre.8/Runtime/Scripts/RTCPeerConnection.cs:455)
Unity.WebRTC.WebRTC:SendOrPostCallback (object) (at ./Library/PackageCache/com.unity.webrtc@3.0.0-pre.8/Runtime/Scripts/WebRTC.cs:1169)
Unity.WebRTC.ExecutableUnitySynchronizationContext/WorkRequest:Invoke () (at ./Library/PackageCache/com.unity.webrtc@3.0.0-pre.8/Runtime/Scripts/Internal/ExecutableUnitySynchronizationContext.cs:224)
Unity.WebRTC.ExecutableUnitySynchronizationContext:Execute () (at ./Library/PackageCache/com.unity.webrtc@3.0.0-pre.8/Runtime/Scripts/Internal/ExecutableUnitySynchronizationContext.cs:171)
Unity.WebRTC.ExecutableUnitySynchronizationContext:ExecuteAndAppendNextExecute () (at ./Library/PackageCache/com.unity.webrtc@3.0.0-pre.8/Runtime/Scripts/Internal/ExecutableUnitySynchronizationContext.cs:189)
Unity.WebRTC.ExecutableUnitySynchronizationContext:SendOrPostCallback (object) (at ./Library/PackageCache/com.unity.webrtc@3.0.0-pre.8/Runtime/Scripts/Internal/ExecutableUnitySynchronizationContext.cs:57)
UnityEngine.UnitySynchronizationContext:ExecuteTasks ()

[PhaseProtocol] PC1 ICE: Connected
UnityEngine.Debug:Log (object)
VRWorkspace.Streaming.PhaseProtocolClient/<>c__DisplayClass118_0:<SetupPCEventHandlers>b__0 (Unity.WebRTC.RTCIceConnectionState) (at Assets/VR-Workspace/Scripts/Streaming/PhaseProtocolClient.cs:1261)
Unity.WebRTC.RTCPeerConnection/<>c__DisplayClass50_0:<PCOnIceConnectionChange>b__0 () (at ./Library/PackageCache/com.unity.webrtc@3.0.0-pre.8/Runtime/Scripts/RTCPeerConnection.cs:443)
Unity.WebRTC.WebRTC:SendOrPostCallback (object) (at ./Library/PackageCache/com.unity.webrtc@3.0.0-pre.8/Runtime/Scripts/WebRTC.cs:1169)
Unity.WebRTC.ExecutableUnitySynchronizationContext/WorkRequest:Invoke () (at ./Library/PackageCache/com.unity.webrtc@3.0.0-pre.8/Runtime/Scripts/Internal/ExecutableUnitySynchronizationContext.cs:224)
Unity.WebRTC.ExecutableUnitySynchronizationContext:Execute () (at ./Library/PackageCache/com.unity.webrtc@3.0.0-pre.8/Runtime/Scripts/Internal/ExecutableUnitySynchronizationContext.cs:171)
Unity.WebRTC.ExecutableUnitySynchronizationContext:ExecuteAndAppendNextExecute () (at ./Library/PackageCache/com.unity.webrtc@3.0.0-pre.8/Runtime/Scripts/Internal/ExecutableUnitySynchronizationContext.cs:189)
Unity.WebRTC.ExecutableUnitySynchronizationContext:SendOrPostCallback (object) (at ./Library/PackageCache/com.unity.webrtc@3.0.0-pre.8/Runtime/Scripts/Internal/ExecutableUnitySynchronizationContext.cs:57)
UnityEngine.UnitySynchronizationContext:ExecuteTasks ()

[ConnectionViewModel] Monitor 1 ICE complete. Ready: 3/2
UnityEngine.Debug:Log (object)
VRWorkspace.ViewModels.ConnectionViewModel/<>c__DisplayClass94_0:<SubscribeToEvents>b__14 (int) (at Assets/VR-Workspace/Scripts/ViewModels/ConnectionViewModel.cs:566)
VRWorkspace.Streaming.PhaseProtocolClient/<>c__DisplayClass118_0:<SetupPCEventHandlers>b__0 (Unity.WebRTC.RTCIceConnectionState) (at Assets/VR-Workspace/Scripts/Streaming/PhaseProtocolClient.cs:1277)
Unity.WebRTC.RTCPeerConnection/<>c__DisplayClass50_0:<PCOnIceConnectionChange>b__0 () (at ./Library/PackageCache/com.unity.webrtc@3.0.0-pre.8/Runtime/Scripts/RTCPeerConnection.cs:443)
Unity.WebRTC.WebRTC:SendOrPostCallback (object) (at ./Library/PackageCache/com.unity.webrtc@3.0.0-pre.8/Runtime/Scripts/WebRTC.cs:1169)
Unity.WebRTC.ExecutableUnitySynchronizationContext/WorkRequest:Invoke () (at ./Library/PackageCache/com.unity.webrtc@3.0.0-pre.8/Runtime/Scripts/Internal/ExecutableUnitySynchronizationContext.cs:224)
Unity.WebRTC.ExecutableUnitySynchronizationContext:Execute () (at ./Library/PackageCache/com.unity.webrtc@3.0.0-pre.8/Runtime/Scripts/Internal/ExecutableUnitySynchronizationContext.cs:171)
Unity.WebRTC.ExecutableUnitySynchronizationContext:ExecuteAndAppendNextExecute () (at ./Library/PackageCache/com.unity.webrtc@3.0.0-pre.8/Runtime/Scripts/Internal/ExecutableUnitySynchronizationContext.cs:189)
Unity.WebRTC.ExecutableUnitySynchronizationContext:SendOrPostCallback (object) (at ./Library/PackageCache/com.unity.webrtc@3.0.0-pre.8/Runtime/Scripts/Internal/ExecutableUnitySynchronizationContext.cs:57)
UnityEngine.UnitySynchronizationContext:ExecuteTasks ()

[PhaseProtocol] CheckAllMonitorsConnected: 2/2
UnityEngine.Debug:Log (object)
VRWorkspace.Streaming.PhaseProtocolClient:CheckAllMonitorsConnected () (at Assets/VR-Workspace/Scripts/Streaming/PhaseProtocolClient.cs:1794)
VRWorkspace.Streaming.PhaseProtocolClient/<>c__DisplayClass118_0:<SetupPCEventHandlers>b__0 (Unity.WebRTC.RTCIceConnectionState) (at Assets/VR-Workspace/Scripts/Streaming/PhaseProtocolClient.cs:1278)
Unity.WebRTC.RTCPeerConnection/<>c__DisplayClass50_0:<PCOnIceConnectionChange>b__0 () (at ./Library/PackageCache/com.unity.webrtc@3.0.0-pre.8/Runtime/Scripts/RTCPeerConnection.cs:443)
Unity.WebRTC.WebRTC:SendOrPostCallback (object) (at ./Library/PackageCache/com.unity.webrtc@3.0.0-pre.8/Runtime/Scripts/WebRTC.cs:1169)
Unity.WebRTC.ExecutableUnitySynchronizationContext/WorkRequest:Invoke () (at ./Library/PackageCache/com.unity.webrtc@3.0.0-pre.8/Runtime/Scripts/Internal/ExecutableUnitySynchronizationContext.cs:224)
Unity.WebRTC.ExecutableUnitySynchronizationContext:Execute () (at ./Library/PackageCache/com.unity.webrtc@3.0.0-pre.8/Runtime/Scripts/Internal/ExecutableUnitySynchronizationContext.cs:171)
Unity.WebRTC.ExecutableUnitySynchronizationContext:ExecuteAndAppendNextExecute () (at ./Library/PackageCache/com.unity.webrtc@3.0.0-pre.8/Runtime/Scripts/Internal/ExecutableUnitySynchronizationContext.cs:189)
Unity.WebRTC.ExecutableUnitySynchronizationContext:SendOrPostCallback (object) (at ./Library/PackageCache/com.unity.webrtc@3.0.0-pre.8/Runtime/Scripts/Internal/ExecutableUnitySynchronizationContext.cs:57)
UnityEngine.UnitySynchronizationContext:ExecuteTasks ()

[PhaseProtocol] All monitors connected, firing OnAllMonitorsReady
UnityEngine.Debug:Log (object)
VRWorkspace.Streaming.PhaseProtocolClient:CheckAllMonitorsConnected () (at Assets/VR-Workspace/Scripts/Streaming/PhaseProtocolClient.cs:1798)
VRWorkspace.Streaming.PhaseProtocolClient/<>c__DisplayClass118_0:<SetupPCEventHandlers>b__0 (Unity.WebRTC.RTCIceConnectionState) (at Assets/VR-Workspace/Scripts/Streaming/PhaseProtocolClient.cs:1278)
Unity.WebRTC.RTCPeerConnection/<>c__DisplayClass50_0:<PCOnIceConnectionChange>b__0 () (at ./Library/PackageCache/com.unity.webrtc@3.0.0-pre.8/Runtime/Scripts/RTCPeerConnection.cs:443)
Unity.WebRTC.WebRTC:SendOrPostCallback (object) (at ./Library/PackageCache/com.unity.webrtc@3.0.0-pre.8/Runtime/Scripts/WebRTC.cs:1169)
Unity.WebRTC.ExecutableUnitySynchronizationContext/WorkRequest:Invoke () (at ./Library/PackageCache/com.unity.webrtc@3.0.0-pre.8/Runtime/Scripts/Internal/ExecutableUnitySynchronizationContext.cs:224)
Unity.WebRTC.ExecutableUnitySynchronizationContext:Execute () (at ./Library/PackageCache/com.unity.webrtc@3.0.0-pre.8/Runtime/Scripts/Internal/ExecutableUnitySynchronizationContext.cs:171)
Unity.WebRTC.ExecutableUnitySynchronizationContext:ExecuteAndAppendNextExecute () (at ./Library/PackageCache/com.unity.webrtc@3.0.0-pre.8/Runtime/Scripts/Internal/ExecutableUnitySynchronizationContext.cs:189)
Unity.WebRTC.ExecutableUnitySynchronizationContext:SendOrPostCallback (object) (at ./Library/PackageCache/com.unity.webrtc@3.0.0-pre.8/Runtime/Scripts/Internal/ExecutableUnitySynchronizationContext.cs:57)
UnityEngine.UnitySynchronizationContext:ExecuteTasks ()

[ConnectionViewModel] All monitors ready, firing OnAllMonitorsReady
UnityEngine.Debug:Log (object)
VRWorkspace.ViewModels.ConnectionViewModel/<>c__DisplayClass94_0/<<SubscribeToEvents>b__15>d:MoveNext () (at Assets/VR-Workspace/Scripts/ViewModels/ConnectionViewModel.cs:572)
System.Runtime.CompilerServices.AsyncVoidMethodBuilder:Start<VRWorkspace.ViewModels.ConnectionViewModel/<>c__DisplayClass94_0/<<SubscribeToEvents>b__15>d> (VRWorkspace.ViewModels.ConnectionViewModel/<>c__DisplayClass94_0/<<SubscribeToEvents>b__15>d&)
VRWorkspace.ViewModels.ConnectionViewModel/<>c__DisplayClass94_0:<SubscribeToEvents>b__15 ()
VRWorkspace.Streaming.PhaseProtocolClient:CheckAllMonitorsConnected () (at Assets/VR-Workspace/Scripts/Streaming/PhaseProtocolClient.cs:1799)
VRWorkspace.Streaming.PhaseProtocolClient/<>c__DisplayClass118_0:<SetupPCEventHandlers>b__0 (Unity.WebRTC.RTCIceConnectionState) (at Assets/VR-Workspace/Scripts/Streaming/PhaseProtocolClient.cs:1278)
Unity.WebRTC.RTCPeerConnection/<>c__DisplayClass50_0:<PCOnIceConnectionChange>b__0 () (at ./Library/PackageCache/com.unity.webrtc@3.0.0-pre.8/Runtime/Scripts/RTCPeerConnection.cs:443)
Unity.WebRTC.WebRTC:SendOrPostCallback (object) (at ./Library/PackageCache/com.unity.webrtc@3.0.0-pre.8/Runtime/Scripts/WebRTC.cs:1169)
Unity.WebRTC.ExecutableUnitySynchronizationContext/WorkRequest:Invoke () (at ./Library/PackageCache/com.unity.webrtc@3.0.0-pre.8/Runtime/Scripts/Internal/ExecutableUnitySynchronizationContext.cs:224)
Unity.WebRTC.ExecutableUnitySynchronizationContext:Execute () (at ./Library/PackageCache/com.unity.webrtc@3.0.0-pre.8/Runtime/Scripts/Internal/ExecutableUnitySynchronizationContext.cs:171)
Unity.WebRTC.ExecutableUnitySynchronizationContext:ExecuteAndAppendNextExecute () (at ./Library/PackageCache/com.unity.webrtc@3.0.0-pre.8/Runtime/Scripts/Internal/ExecutableUnitySynchronizationContext.cs:189)
Unity.WebRTC.ExecutableUnitySynchronizationContext:SendOrPostCallback (object) (at ./Library/PackageCache/com.unity.webrtc@3.0.0-pre.8/Runtime/Scripts/Internal/ExecutableUnitySynchronizationContext.cs:57)
UnityEngine.UnitySynchronizationContext:ExecuteTasks ()

[RTTRemoteMenuController] All monitors ready, showing Connecting...
UnityEngine.Debug:Log (object)
RTTRemoteMenuController:HandleAllMonitorsReady () (at Assets/VR-Workspace/Scripts/UI/RTT/Controllers/RTTRemoteMenuController.cs:480)
VRWorkspace.ViewModels.ConnectionViewModel/<>c__DisplayClass94_0/<<SubscribeToEvents>b__15>d:MoveNext () (at Assets/VR-Workspace/Scripts/ViewModels/ConnectionViewModel.cs:573)
System.Runtime.CompilerServices.AsyncVoidMethodBuilder:Start<VRWorkspace.ViewModels.ConnectionViewModel/<>c__DisplayClass94_0/<<SubscribeToEvents>b__15>d> (VRWorkspace.ViewModels.ConnectionViewModel/<>c__DisplayClass94_0/<<SubscribeToEvents>b__15>d&)
VRWorkspace.ViewModels.ConnectionViewModel/<>c__DisplayClass94_0:<SubscribeToEvents>b__15 ()
VRWorkspace.Streaming.PhaseProtocolClient:CheckAllMonitorsConnected () (at Assets/VR-Workspace/Scripts/Streaming/PhaseProtocolClient.cs:1799)
VRWorkspace.Streaming.PhaseProtocolClient/<>c__DisplayClass118_0:<SetupPCEventHandlers>b__0 (Unity.WebRTC.RTCIceConnectionState) (at Assets/VR-Workspace/Scripts/Streaming/PhaseProtocolClient.cs:1278)
Unity.WebRTC.RTCPeerConnection/<>c__DisplayClass50_0:<PCOnIceConnectionChange>b__0 () (at ./Library/PackageCache/com.unity.webrtc@3.0.0-pre.8/Runtime/Scripts/RTCPeerConnection.cs:443)
Unity.WebRTC.WebRTC:SendOrPostCallback (object) (at ./Library/PackageCache/com.unity.webrtc@3.0.0-pre.8/Runtime/Scripts/WebRTC.cs:1169)
Unity.WebRTC.ExecutableUnitySynchronizationContext/WorkRequest:Invoke () (at ./Library/PackageCache/com.unity.webrtc@3.0.0-pre.8/Runtime/Scripts/Internal/ExecutableUnitySynchronizationContext.cs:224)
Unity.WebRTC.ExecutableUnitySynchronizationContext:Execute () (at ./Library/PackageCache/com.unity.webrtc@3.0.0-pre.8/Runtime/Scripts/Internal/ExecutableUnitySynchronizationContext.cs:171)
Unity.WebRTC.ExecutableUnitySynchronizationContext:ExecuteAndAppendNextExecute () (at ./Library/PackageCache/com.unity.webrtc@3.0.0-pre.8/Runtime/Scripts/Internal/ExecutableUnitySynchronizationContext.cs:189)
Unity.WebRTC.ExecutableUnitySynchronizationContext:SendOrPostCallback (object) (at ./Library/PackageCache/com.unity.webrtc@3.0.0-pre.8/Runtime/Scripts/Internal/ExecutableUnitySynchronizationContext.cs:57)
UnityEngine.UnitySynchronizationContext:ExecuteTasks ()

[PhaseProtocol] PC1 ICE: Completed
UnityEngine.Debug:Log (object)
VRWorkspace.Streaming.PhaseProtocolClient/<>c__DisplayClass118_0:<SetupPCEventHandlers>b__0 (Unity.WebRTC.RTCIceConnectionState) (at Assets/VR-Workspace/Scripts/Streaming/PhaseProtocolClient.cs:1261)
Unity.WebRTC.RTCPeerConnection/<>c__DisplayClass50_0:<PCOnIceConnectionChange>b__0 () (at ./Library/PackageCache/com.unity.webrtc@3.0.0-pre.8/Runtime/Scripts/RTCPeerConnection.cs:443)
Unity.WebRTC.WebRTC:SendOrPostCallback (object) (at ./Library/PackageCache/com.unity.webrtc@3.0.0-pre.8/Runtime/Scripts/WebRTC.cs:1169)
Unity.WebRTC.ExecutableUnitySynchronizationContext/WorkRequest:Invoke () (at ./Library/PackageCache/com.unity.webrtc@3.0.0-pre.8/Runtime/Scripts/Internal/ExecutableUnitySynchronizationContext.cs:224)
Unity.WebRTC.ExecutableUnitySynchronizationContext:Execute () (at ./Library/PackageCache/com.unity.webrtc@3.0.0-pre.8/Runtime/Scripts/Internal/ExecutableUnitySynchronizationContext.cs:171)
Unity.WebRTC.ExecutableUnitySynchronizationContext:ExecuteAndAppendNextExecute () (at ./Library/PackageCache/com.unity.webrtc@3.0.0-pre.8/Runtime/Scripts/Internal/ExecutableUnitySynchronizationContext.cs:189)
Unity.WebRTC.ExecutableUnitySynchronizationContext:SendOrPostCallback (object) (at ./Library/PackageCache/com.unity.webrtc@3.0.0-pre.8/Runtime/Scripts/Internal/ExecutableUnitySynchronizationContext.cs:57)
UnityEngine.UnitySynchronizationContext:ExecuteTasks ()

[ConnectionViewModel] Monitor 1 ICE complete. Ready: 4/2
UnityEngine.Debug:Log (object)
VRWorkspace.ViewModels.ConnectionViewModel/<>c__DisplayClass94_0:<SubscribeToEvents>b__14 (int) (at Assets/VR-Workspace/Scripts/ViewModels/ConnectionViewModel.cs:566)
VRWorkspace.Streaming.PhaseProtocolClient/<>c__DisplayClass118_0:<SetupPCEventHandlers>b__0 (Unity.WebRTC.RTCIceConnectionState) (at Assets/VR-Workspace/Scripts/Streaming/PhaseProtocolClient.cs:1277)
Unity.WebRTC.RTCPeerConnection/<>c__DisplayClass50_0:<PCOnIceConnectionChange>b__0 () (at ./Library/PackageCache/com.unity.webrtc@3.0.0-pre.8/Runtime/Scripts/RTCPeerConnection.cs:443)
Unity.WebRTC.WebRTC:SendOrPostCallback (object) (at ./Library/PackageCache/com.unity.webrtc@3.0.0-pre.8/Runtime/Scripts/WebRTC.cs:1169)
Unity.WebRTC.ExecutableUnitySynchronizationContext/WorkRequest:Invoke () (at ./Library/PackageCache/com.unity.webrtc@3.0.0-pre.8/Runtime/Scripts/Internal/ExecutableUnitySynchronizationContext.cs:224)
Unity.WebRTC.ExecutableUnitySynchronizationContext:Execute () (at ./Library/PackageCache/com.unity.webrtc@3.0.0-pre.8/Runtime/Scripts/Internal/ExecutableUnitySynchronizationContext.cs:171)
Unity.WebRTC.ExecutableUnitySynchronizationContext:ExecuteAndAppendNextExecute () (at ./Library/PackageCache/com.unity.webrtc@3.0.0-pre.8/Runtime/Scripts/Internal/ExecutableUnitySynchronizationContext.cs:189)
Unity.WebRTC.ExecutableUnitySynchronizationContext:SendOrPostCallback (object) (at ./Library/PackageCache/com.unity.webrtc@3.0.0-pre.8/Runtime/Scripts/Internal/ExecutableUnitySynchronizationContext.cs:57)
UnityEngine.UnitySynchronizationContext:ExecuteTasks ()

[PhaseProtocol] Received: {"type":"candidate","monitorIndex":1,"candidate":"candidate:894532200 1 udp 2113937663 192.168.1.41 ...
UnityEngine.Debug:Log (object)
VRWorkspace.Streaming.PhaseProtocolClient/<HandleTextMessageAsync>d__94:MoveNext () (at Assets/VR-Workspace/Scripts/Streaming/PhaseProtocolClient.cs:420)
System.Runtime.CompilerServices.AsyncTaskMethodBuilder:Start<VRWorkspace.Streaming.PhaseProtocolClient/<HandleTextMessageAsync>d__94> (VRWorkspace.Streaming.PhaseProtocolClient/<HandleTextMessageAsync>d__94&)
VRWorkspace.Streaming.PhaseProtocolClient:HandleTextMessageAsync (string)
VRWorkspace.Streaming.PhaseProtocolClient/<ReceiveLoopAsync>d__93:MoveNext () (at Assets/VR-Workspace/Scripts/Streaming/PhaseProtocolClient.cs:397)
UnityEngine.UnitySynchronizationContext:ExecuteTasks ()

[PhaseProtocol] PC1 answer set OK (20ms)
UnityEngine.Debug:Log (object)
VRWorkspace.Streaming.PhaseProtocolClient/<HandleAnswerAsync>d__119:MoveNext () (at Assets/VR-Workspace/Scripts/Streaming/PhaseProtocolClient.cs:1432)
UnityEngine.UnitySynchronizationContext:ExecuteTasks ()

[PhaseProtocol] All 2 answers received, signaling TCS
UnityEngine.Debug:Log (object)
VRWorkspace.Streaming.PhaseProtocolClient:SignalIfAllAnswersReceived () (at Assets/VR-Workspace/Scripts/Streaming/PhaseProtocolClient.cs:1472)
VRWorkspace.Streaming.PhaseProtocolClient/<HandleAnswerAsync>d__119:MoveNext () (at Assets/VR-Workspace/Scripts/Streaming/PhaseProtocolClient.cs:1438)
UnityEngine.UnitySynchronizationContext:ExecuteTasks ()

[PhaseProtocol] PC1 Added ICE candidate
UnityEngine.Debug:Log (object)
VRWorkspace.Streaming.PhaseProtocolClient:AddIceCandidate (VRWorkspace.Streaming.PhaseProtocolClient/PCWrapper,string) (at Assets/VR-Workspace/Scripts/Streaming/PhaseProtocolClient.cs:1538)
VRWorkspace.Streaming.PhaseProtocolClient/<HandleAnswerAsync>d__119:MoveNext () (at Assets/VR-Workspace/Scripts/Streaming/PhaseProtocolClient.cs:1442)
UnityEngine.UnitySynchronizationContext:ExecuteTasks ()

[PhaseProtocol] CheckIceComplete: 2/2 PCs have answers (expected 2 total), phase=ICENegotiating
UnityEngine.Debug:Log (object)
VRWorkspace.Streaming.PhaseProtocolClient:CheckIceComplete () (at Assets/VR-Workspace/Scripts/Streaming/PhaseProtocolClient.cs:1555)
VRWorkspace.Streaming.PhaseProtocolClient/<HandleAnswerAsync>d__119:MoveNext () (at Assets/VR-Workspace/Scripts/Streaming/PhaseProtocolClient.cs:1445)
UnityEngine.UnitySynchronizationContext:ExecuteTasks ()

[PhaseProtocol] All 2 PeerConnections ready, transitioning to ReadyToStream
UnityEngine.Debug:Log (object)
VRWorkspace.Streaming.PhaseProtocolClient:CheckIceComplete () (at Assets/VR-Workspace/Scripts/Streaming/PhaseProtocolClient.cs:1563)
VRWorkspace.Streaming.PhaseProtocolClient/<HandleAnswerAsync>d__119:MoveNext () (at Assets/VR-Workspace/Scripts/Streaming/PhaseProtocolClient.cs:1445)
UnityEngine.UnitySynchronizationContext:ExecuteTasks ()

[StateMachine] ICENegotiating -> ReadyToStream
UnityEngine.Debug:Log (object)
VRWorkspace.Streaming.ConnectionStateMachine:TryTransition (VRWorkspace.Streaming.ConnectionPhase,string) (at Assets/VR-Workspace/Scripts/Streaming/ConnectionStateMachine.cs:102)
VRWorkspace.Streaming.PhaseProtocolClient:CheckIceComplete () (at Assets/VR-Workspace/Scripts/Streaming/PhaseProtocolClient.cs:1564)
VRWorkspace.Streaming.PhaseProtocolClient/<HandleAnswerAsync>d__119:MoveNext () (at Assets/VR-Workspace/Scripts/Streaming/PhaseProtocolClient.cs:1445)
UnityEngine.UnitySynchronizationContext:ExecuteTasks ()

[PhaseProtocol] Sending proceed message for phase 3
UnityEngine.Debug:Log (object)
VRWorkspace.Streaming.PhaseProtocolClient:CheckIceComplete () (at Assets/VR-Workspace/Scripts/Streaming/PhaseProtocolClient.cs:1577)
VRWorkspace.Streaming.PhaseProtocolClient/<HandleAnswerAsync>d__119:MoveNext () (at Assets/VR-Workspace/Scripts/Streaming/PhaseProtocolClient.cs:1445)
UnityEngine.UnitySynchronizationContext:ExecuteTasks ()

[RTTRemoteMenu] HandlePhaseChanged: ICENegotiating -> ReadyToStream
UnityEngine.Debug:Log (object)
RTTRemoteMenu:HandlePhaseChanged (VRWorkspace.Streaming.ConnectionPhase) (at Assets/VR-Workspace/Scripts/UI/RTT/Components/RTTRemoteMenu.cs:542)
VRWorkspace.Core.ObservableProperty`1/<>c__DisplayClass12_0<VRWorkspace.Streaming.ConnectionPhase>:<NotifyChanged>b__0 () (at Assets/VR-Workspace/Scripts/Core/ObservableProperty.cs:114)
VRWorkspace.Core.MainThreadDispatcher:Enqueue (System.Action) (at Assets/VR-Workspace/Scripts/Core/MainThreadDispatcher.cs:122)
VRWorkspace.Core.ObservableProperty`1<VRWorkspace.Streaming.ConnectionPhase>:NotifyChanged (VRWorkspace.Streaming.ConnectionPhase) (at Assets/VR-Workspace/Scripts/Core/ObservableProperty.cs:114)
VRWorkspace.Core.ObservableProperty`1<VRWorkspace.Streaming.ConnectionPhase>:set_Value (VRWorkspace.Streaming.ConnectionPhase) (at Assets/VR-Workspace/Scripts/Core/ObservableProperty.cs:79)
VRWorkspace.ViewModels.ConnectionViewModel/<>c__DisplayClass94_0:<SubscribeToEvents>b__5 () (at Assets/VR-Workspace/Scripts/ViewModels/ConnectionViewModel.cs:497)
VRWorkspace.Streaming.PhaseProtocolClient:CheckIceComplete () (at Assets/VR-Workspace/Scripts/Streaming/PhaseProtocolClient.cs:1579)
VRWorkspace.Streaming.PhaseProtocolClient/<HandleAnswerAsync>d__119:MoveNext () (at Assets/VR-Workspace/Scripts/Streaming/PhaseProtocolClient.cs:1445)
UnityEngine.UnitySynchronizationContext:ExecuteTasks ()

[ConnectionViewModel] Monitor 1 ICE complete. Ready: 5/2
UnityEngine.Debug:Log (object)
VRWorkspace.ViewModels.ConnectionViewModel/<>c__DisplayClass94_0:<SubscribeToEvents>b__14 (int) (at Assets/VR-Workspace/Scripts/ViewModels/ConnectionViewModel.cs:566)
VRWorkspace.Streaming.PhaseProtocolClient/<>c__DisplayClass118_0:<SetupPCEventHandlers>b__0 (Unity.WebRTC.RTCIceConnectionState) (at Assets/VR-Workspace/Scripts/Streaming/PhaseProtocolClient.cs:1277)
Unity.WebRTC.RTCPeerConnection/<>c__DisplayClass50_0:<PCOnIceConnectionChange>b__0 () (at ./Library/PackageCache/com.unity.webrtc@3.0.0-pre.8/Runtime/Scripts/RTCPeerConnection.cs:443)
Unity.WebRTC.WebRTC:SendOrPostCallback (object) (at ./Library/PackageCache/com.unity.webrtc@3.0.0-pre.8/Runtime/Scripts/WebRTC.cs:1169)
Unity.WebRTC.ExecutableUnitySynchronizationContext/WorkRequest:Invoke () (at ./Library/PackageCache/com.unity.webrtc@3.0.0-pre.8/Runtime/Scripts/Internal/ExecutableUnitySynchronizationContext.cs:224)
Unity.WebRTC.ExecutableUnitySynchronizationContext:Execute () (at ./Library/PackageCache/com.unity.webrtc@3.0.0-pre.8/Runtime/Scripts/Internal/ExecutableUnitySynchronizationContext.cs:171)
Unity.WebRTC.ExecutableUnitySynchronizationContext:ExecuteAndAppendNextExecute () (at ./Library/PackageCache/com.unity.webrtc@3.0.0-pre.8/Runtime/Scripts/Internal/ExecutableUnitySynchronizationContext.cs:189)
Unity.WebRTC.ExecutableUnitySynchronizationContext:SendOrPostCallback (object) (at ./Library/PackageCache/com.unity.webrtc@3.0.0-pre.8/Runtime/Scripts/Internal/ExecutableUnitySynchronizationContext.cs:57)
UnityEngine.UnitySynchronizationContext:ExecuteTasks ()

[PhaseProtocol] Received: {"type":"candidate","monitorIndex":1,"candidate":"candidate:3827036383 1 udp 2113940223 2402:800:6d6...
UnityEngine.Debug:Log (object)
VRWorkspace.Streaming.PhaseProtocolClient/<HandleTextMessageAsync>d__94:MoveNext () (at Assets/VR-Workspace/Scripts/Streaming/PhaseProtocolClient.cs:420)
System.Runtime.CompilerServices.AsyncTaskMethodBuilder:Start<VRWorkspace.Streaming.PhaseProtocolClient/<HandleTextMessageAsync>d__94> (VRWorkspace.Streaming.PhaseProtocolClient/<HandleTextMessageAsync>d__94&)
VRWorkspace.Streaming.PhaseProtocolClient:HandleTextMessageAsync (string)
VRWorkspace.Streaming.PhaseProtocolClient/<ReceiveLoopAsync>d__93:MoveNext () (at Assets/VR-Workspace/Scripts/Streaming/PhaseProtocolClient.cs:397)
UnityEngine.UnitySynchronizationContext:ExecuteTasks ()

[PhaseProtocol] PC1 Added ICE candidate
UnityEngine.Debug:Log (object)
VRWorkspace.Streaming.PhaseProtocolClient:AddIceCandidate (VRWorkspace.Streaming.PhaseProtocolClient/PCWrapper,string) (at Assets/VR-Workspace/Scripts/Streaming/PhaseProtocolClient.cs:1538)
VRWorkspace.Streaming.PhaseProtocolClient:HandleCandidate (VRWorkspace.Streaming.SimpleJson) (at Assets/VR-Workspace/Scripts/Streaming/PhaseProtocolClient.cs:1498)
VRWorkspace.Streaming.PhaseProtocolClient/<HandleTextMessageAsync>d__94:MoveNext () (at Assets/VR-Workspace/Scripts/Streaming/PhaseProtocolClient.cs:478)
System.Runtime.CompilerServices.AsyncTaskMethodBuilder:Start<VRWorkspace.Streaming.PhaseProtocolClient/<HandleTextMessageAsync>d__94> (VRWorkspace.Streaming.PhaseProtocolClient/<HandleTextMessageAsync>d__94&)
VRWorkspace.Streaming.PhaseProtocolClient:HandleTextMessageAsync (string)
VRWorkspace.Streaming.PhaseProtocolClient/<ReceiveLoopAsync>d__93:MoveNext () (at Assets/VR-Workspace/Scripts/Streaming/PhaseProtocolClient.cs:397)
UnityEngine.UnitySynchronizationContext:ExecuteTasks ()

[PhaseProtocol] All 2 answers received in 4776ms (event-driven success)
UnityEngine.Debug:Log (object)
VRWorkspace.Streaming.PhaseProtocolClient/<TryParallelPCCreationAsync>d__114:MoveNext () (at Assets/VR-Workspace/Scripts/Streaming/PhaseProtocolClient.cs:1101)
UnityEngine.UnitySynchronizationContext:ExecuteTasks ()

[PhaseProtocol] CreatePeerConnectionsAsync completed successfully
UnityEngine.Debug:Log (object)
VRWorkspace.Streaming.PhaseProtocolClient/<CreatePeerConnectionsInBackgroundAsync>d__112:MoveNext () (at Assets/VR-Workspace/Scripts/Streaming/PhaseProtocolClient.cs:1031)
System.Runtime.CompilerServices.AsyncTaskMethodBuilder:SetResult ()
VRWorkspace.Streaming.PhaseProtocolClient/<CreatePeerConnectionsAsync>d__113:MoveNext () (at Assets/VR-Workspace/Scripts/Streaming/PhaseProtocolClient.cs:1063)
System.Runtime.CompilerServices.AsyncTaskMethodBuilder`1<bool>:SetResult (bool)
VRWorkspace.Streaming.PhaseProtocolClient/<TryParallelPCCreationAsync>d__114:MoveNext () (at Assets/VR-Workspace/Scripts/Streaming/PhaseProtocolClient.cs:1119)
UnityEngine.UnitySynchronizationContext:ExecuteTasks ()

[PhaseProtocol] Received: {"type":"candidate","monitorIndex":1,"candidate":"candidate:3876557719 1 udp 2113940223 2402:800:6d6...
UnityEngine.Debug:Log (object)
VRWorkspace.Streaming.PhaseProtocolClient/<HandleTextMessageAsync>d__94:MoveNext () (at Assets/VR-Workspace/Scripts/Streaming/PhaseProtocolClient.cs:420)
System.Runtime.CompilerServices.AsyncTaskMethodBuilder:Start<VRWorkspace.Streaming.PhaseProtocolClient/<HandleTextMessageAsync>d__94> (VRWorkspace.Streaming.PhaseProtocolClient/<HandleTextMessageAsync>d__94&)
VRWorkspace.Streaming.PhaseProtocolClient:HandleTextMessageAsync (string)
VRWorkspace.Streaming.PhaseProtocolClient/<ReceiveLoopAsync>d__93:MoveNext () (at Assets/VR-Workspace/Scripts/Streaming/PhaseProtocolClient.cs:397)
UnityEngine.UnitySynchronizationContext:ExecuteTasks ()

[PhaseProtocol] Received: {"type":"ice_ready","monitorCount":2}...
UnityEngine.Debug:Log (object)
VRWorkspace.Streaming.PhaseProtocolClient/<HandleTextMessageAsync>d__94:MoveNext () (at Assets/VR-Workspace/Scripts/Streaming/PhaseProtocolClient.cs:420)
System.Runtime.CompilerServices.AsyncTaskMethodBuilder:Start<VRWorkspace.Streaming.PhaseProtocolClient/<HandleTextMessageAsync>d__94> (VRWorkspace.Streaming.PhaseProtocolClient/<HandleTextMessageAsync>d__94&)
VRWorkspace.Streaming.PhaseProtocolClient:HandleTextMessageAsync (string)
VRWorkspace.Streaming.PhaseProtocolClient/<ReceiveLoopAsync>d__93:MoveNext () (at Assets/VR-Workspace/Scripts/Streaming/PhaseProtocolClient.cs:397)
UnityEngine.UnitySynchronizationContext:ExecuteTasks ()

[PhaseProtocol] Parsed type='ice_ready' from message len=37
UnityEngine.Debug:Log (object)
VRWorkspace.Streaming.PhaseProtocolClient/<HandleTextMessageAsync>d__94:MoveNext () (at Assets/VR-Workspace/Scripts/Streaming/PhaseProtocolClient.cs:431)
System.Runtime.CompilerServices.AsyncTaskMethodBuilder:Start<VRWorkspace.Streaming.PhaseProtocolClient/<HandleTextMessageAsync>d__94> (VRWorkspace.Streaming.PhaseProtocolClient/<HandleTextMessageAsync>d__94&)
VRWorkspace.Streaming.PhaseProtocolClient:HandleTextMessageAsync (string)
VRWorkspace.Streaming.PhaseProtocolClient/<ReceiveLoopAsync>d__93:MoveNext () (at Assets/VR-Workspace/Scripts/Streaming/PhaseProtocolClient.cs:397)
UnityEngine.UnitySynchronizationContext:ExecuteTasks ()

[PhaseProtocol] >>> Handling ice_ready
UnityEngine.Debug:Log (object)
VRWorkspace.Streaming.PhaseProtocolClient/<HandleTextMessageAsync>d__94:MoveNext () (at Assets/VR-Workspace/Scripts/Streaming/PhaseProtocolClient.cs:487)
System.Runtime.CompilerServices.AsyncTaskMethodBuilder:Start<VRWorkspace.Streaming.PhaseProtocolClient/<HandleTextMessageAsync>d__94> (VRWorkspace.Streaming.PhaseProtocolClient/<HandleTextMessageAsync>d__94&)
VRWorkspace.Streaming.PhaseProtocolClient:HandleTextMessageAsync (string)
VRWorkspace.Streaming.PhaseProtocolClient/<ReceiveLoopAsync>d__93:MoveNext () (at Assets/VR-Workspace/Scripts/Streaming/PhaseProtocolClient.cs:397)
UnityEngine.UnitySynchronizationContext:ExecuteTasks ()

[PhaseProtocol] Server confirmed 2 ICE connections ready
UnityEngine.Debug:Log (object)
VRWorkspace.Streaming.PhaseProtocolClient:HandleIceReady (VRWorkspace.Streaming.SimpleJson) (at Assets/VR-Workspace/Scripts/Streaming/PhaseProtocolClient.cs:1517)
VRWorkspace.Streaming.PhaseProtocolClient/<HandleTextMessageAsync>d__94:MoveNext () (at Assets/VR-Workspace/Scripts/Streaming/PhaseProtocolClient.cs:488)
System.Runtime.CompilerServices.AsyncTaskMethodBuilder:Start<VRWorkspace.Streaming.PhaseProtocolClient/<HandleTextMessageAsync>d__94> (VRWorkspace.Streaming.PhaseProtocolClient/<HandleTextMessageAsync>d__94&)
VRWorkspace.Streaming.PhaseProtocolClient:HandleTextMessageAsync (string)
VRWorkspace.Streaming.PhaseProtocolClient/<ReceiveLoopAsync>d__93:MoveNext () (at Assets/VR-Workspace/Scripts/Streaming/PhaseProtocolClient.cs:397)
UnityEngine.UnitySynchronizationContext:ExecuteTasks ()

[PhaseProtocol] ice_ready received but phase is ReadyToStream, ignoring
UnityEngine.Debug:Log (object)
VRWorkspace.Streaming.PhaseProtocolClient:HandleIceReady (VRWorkspace.Streaming.SimpleJson) (at Assets/VR-Workspace/Scripts/Streaming/PhaseProtocolClient.cs:1528)
VRWorkspace.Streaming.PhaseProtocolClient/<HandleTextMessageAsync>d__94:MoveNext () (at Assets/VR-Workspace/Scripts/Streaming/PhaseProtocolClient.cs:488)
System.Runtime.CompilerServices.AsyncTaskMethodBuilder:Start<VRWorkspace.Streaming.PhaseProtocolClient/<HandleTextMessageAsync>d__94> (VRWorkspace.Streaming.PhaseProtocolClient/<HandleTextMessageAsync>d__94&)
VRWorkspace.Streaming.PhaseProtocolClient:HandleTextMessageAsync (string)
VRWorkspace.Streaming.PhaseProtocolClient/<ReceiveLoopAsync>d__93:MoveNext () (at Assets/VR-Workspace/Scripts/Streaming/PhaseProtocolClient.cs:397)
UnityEngine.UnitySynchronizationContext:ExecuteTasks ()

[RTTRemoteMenuController#1] Update #2341, vm=OK, rig=OK, phase=ReadyToStream, streaming=False, panels=Count=2, goActive=True
UnityEngine.Debug:Log (object)
RTTRemoteMenuController:Update () (at Assets/VR-Workspace/Scripts/UI/RTT/Controllers/RTTRemoteMenuController.cs:239)

[ConnectionViewModel] Monitor 1 ICE complete. Ready: 6/2
UnityEngine.Debug:Log (object)
VRWorkspace.ViewModels.ConnectionViewModel/<>c__DisplayClass94_0:<SubscribeToEvents>b__14 (int) (at Assets/VR-Workspace/Scripts/ViewModels/ConnectionViewModel.cs:566)
VRWorkspace.Streaming.PhaseProtocolClient/<>c__DisplayClass118_0:<SetupPCEventHandlers>b__0 (Unity.WebRTC.RTCIceConnectionState) (at Assets/VR-Workspace/Scripts/Streaming/PhaseProtocolClient.cs:1277)
Unity.WebRTC.RTCPeerConnection/<>c__DisplayClass50_0:<PCOnIceConnectionChange>b__0 () (at ./Library/PackageCache/com.unity.webrtc@3.0.0-pre.8/Runtime/Scripts/RTCPeerConnection.cs:443)
Unity.WebRTC.WebRTC:SendOrPostCallback (object) (at ./Library/PackageCache/com.unity.webrtc@3.0.0-pre.8/Runtime/Scripts/WebRTC.cs:1169)
Unity.WebRTC.ExecutableUnitySynchronizationContext/WorkRequest:Invoke () (at ./Library/PackageCache/com.unity.webrtc@3.0.0-pre.8/Runtime/Scripts/Internal/ExecutableUnitySynchronizationContext.cs:224)
Unity.WebRTC.ExecutableUnitySynchronizationContext:Execute () (at ./Library/PackageCache/com.unity.webrtc@3.0.0-pre.8/Runtime/Scripts/Internal/ExecutableUnitySynchronizationContext.cs:171)
Unity.WebRTC.ExecutableUnitySynchronizationContext:ExecuteAndAppendNextExecute () (at ./Library/PackageCache/com.unity.webrtc@3.0.0-pre.8/Runtime/Scripts/Internal/ExecutableUnitySynchronizationContext.cs:189)
Unity.WebRTC.ExecutableUnitySynchronizationContext:SendOrPostCallback (object) (at ./Library/PackageCache/com.unity.webrtc@3.0.0-pre.8/Runtime/Scripts/Internal/ExecutableUnitySynchronizationContext.cs:57)
UnityEngine.UnitySynchronizationContext:ExecuteTasks ()

[PhaseProtocol] PollTextures PC0: track=valid, tex=null, cached=null, frames=0, lastFrame=2479ms ago
UnityEngine.Debug:Log (object)
VRWorkspace.Streaming.PhaseProtocolClient:PollTextures () (at Assets/VR-Workspace/Scripts/Streaming/PhaseProtocolClient.cs:2176)
VRWorkspace.ViewModels.ConnectionViewModel:PollTextures () (at Assets/VR-Workspace/Scripts/ViewModels/ConnectionViewModel.cs:387)
RTTRemoteMenuController:Update () (at Assets/VR-Workspace/Scripts/UI/RTT/Controllers/RTTRemoteMenuController.cs:261)

[RTTRemoteMenuController#1] TexturePoll: phase=ReadyToStream, tex=null, size=N/A, currentTex=set
UnityEngine.Debug:Log (object)
RTTRemoteMenuController:Update () (at Assets/VR-Workspace/Scripts/UI/RTT/Controllers/RTTRemoteMenuController.cs:285)

[RTTRemoteMenuController#1] Update #2401, vm=OK, rig=OK, phase=ReadyToStream, streaming=False, panels=Count=2, goActive=True
UnityEngine.Debug:Log (object)
RTTRemoteMenuController:Update () (at Assets/VR-Workspace/Scripts/UI/RTT/Controllers/RTTRemoteMenuController.cs:239)

[PhaseProtocol] PollTextures PC0: track=valid, tex=null, cached=null, frames=0, lastFrame=3480ms ago
UnityEngine.Debug:Log (object)
VRWorkspace.Streaming.PhaseProtocolClient:PollTextures () (at Assets/VR-Workspace/Scripts/Streaming/PhaseProtocolClient.cs:2176)
VRWorkspace.ViewModels.ConnectionViewModel:PollTextures () (at Assets/VR-Workspace/Scripts/ViewModels/ConnectionViewModel.cs:387)
RTTRemoteMenuController:Update () (at Assets/VR-Workspace/Scripts/UI/RTT/Controllers/RTTRemoteMenuController.cs:261)

[ConnectionViewModel] Auto-starting streaming (force=False)...
UnityEngine.Debug:Log (object)
VRWorkspace.ViewModels.ConnectionViewModel/<>c__DisplayClass94_0/<<SubscribeToEvents>b__15>d:MoveNext () (at Assets/VR-Workspace/Scripts/ViewModels/ConnectionViewModel.cs:600)
UnityEngine.UnitySynchronizationContext:ExecuteTasks ()

[PhaseProtocol] Starting streaming (Phase 3)
UnityEngine.Debug:Log (object)
VRWorkspace.Streaming.PhaseProtocolClient/<StartStreamingAsync>d__81:MoveNext () (at Assets/VR-Workspace/Scripts/Streaming/PhaseProtocolClient.cs:222)
System.Runtime.CompilerServices.AsyncTaskMethodBuilder:Start<VRWorkspace.Streaming.PhaseProtocolClient/<StartStreamingAsync>d__81> (VRWorkspace.Streaming.PhaseProtocolClient/<StartStreamingAsync>d__81&)
VRWorkspace.Streaming.PhaseProtocolClient:StartStreamingAsync (bool)
VRWorkspace.ViewModels.ConnectionViewModel/<StartStreamingAsync>d__87:MoveNext () (at Assets/VR-Workspace/Scripts/ViewModels/ConnectionViewModel.cs:328)
System.Runtime.CompilerServices.AsyncTaskMethodBuilder:Start<VRWorkspace.ViewModels.ConnectionViewModel/<StartStreamingAsync>d__87> (VRWorkspace.ViewModels.ConnectionViewModel/<StartStreamingAsync>d__87&)
VRWorkspace.ViewModels.ConnectionViewModel:StartStreamingAsync (bool)
VRWorkspace.ViewModels.ConnectionViewModel/<>c__DisplayClass94_0/<<SubscribeToEvents>b__15>d:MoveNext () (at Assets/VR-Workspace/Scripts/ViewModels/ConnectionViewModel.cs:601)
UnityEngine.UnitySynchronizationContext:ExecuteTasks ()

[StateMachine] ReadyToStream -> StartingStream
UnityEngine.Debug:Log (object)
VRWorkspace.Streaming.ConnectionStateMachine:TryTransition (VRWorkspace.Streaming.ConnectionPhase,string) (at Assets/VR-Workspace/Scripts/Streaming/ConnectionStateMachine.cs:102)
VRWorkspace.Streaming.PhaseProtocolClient/<StartStreamingAsync>d__81:MoveNext () (at Assets/VR-Workspace/Scripts/Streaming/PhaseProtocolClient.cs:223)
System.Runtime.CompilerServices.AsyncTaskMethodBuilder:Start<VRWorkspace.Streaming.PhaseProtocolClient/<StartStreamingAsync>d__81> (VRWorkspace.Streaming.PhaseProtocolClient/<StartStreamingAsync>d__81&)
VRWorkspace.Streaming.PhaseProtocolClient:StartStreamingAsync (bool)
VRWorkspace.ViewModels.ConnectionViewModel/<StartStreamingAsync>d__87:MoveNext () (at Assets/VR-Workspace/Scripts/ViewModels/ConnectionViewModel.cs:328)
System.Runtime.CompilerServices.AsyncTaskMethodBuilder:Start<VRWorkspace.ViewModels.ConnectionViewModel/<StartStreamingAsync>d__87> (VRWorkspace.ViewModels.ConnectionViewModel/<StartStreamingAsync>d__87&)
VRWorkspace.ViewModels.ConnectionViewModel:StartStreamingAsync (bool)
VRWorkspace.ViewModels.ConnectionViewModel/<>c__DisplayClass94_0/<<SubscribeToEvents>b__15>d:MoveNext () (at Assets/VR-Workspace/Scripts/ViewModels/ConnectionViewModel.cs:601)
UnityEngine.UnitySynchronizationContext:ExecuteTasks ()

[PhaseProtocol] Received: {"type":"streaming_started","timestamp":1767332529367}...
UnityEngine.Debug:Log (object)
VRWorkspace.Streaming.PhaseProtocolClient/<HandleTextMessageAsync>d__94:MoveNext () (at Assets/VR-Workspace/Scripts/Streaming/PhaseProtocolClient.cs:420)
System.Runtime.CompilerServices.AsyncTaskMethodBuilder:Start<VRWorkspace.Streaming.PhaseProtocolClient/<HandleTextMessageAsync>d__94> (VRWorkspace.Streaming.PhaseProtocolClient/<HandleTextMessageAsync>d__94&)
VRWorkspace.Streaming.PhaseProtocolClient:HandleTextMessageAsync (string)
VRWorkspace.Streaming.PhaseProtocolClient/<ReceiveLoopAsync>d__93:MoveNext () (at Assets/VR-Workspace/Scripts/Streaming/PhaseProtocolClient.cs:397)
UnityEngine.UnitySynchronizationContext:ExecuteTasks ()

[PhaseProtocol] Parsed type='streaming_started' from message len=54
UnityEngine.Debug:Log (object)
VRWorkspace.Streaming.PhaseProtocolClient/<HandleTextMessageAsync>d__94:MoveNext () (at Assets/VR-Workspace/Scripts/Streaming/PhaseProtocolClient.cs:431)
System.Runtime.CompilerServices.AsyncTaskMethodBuilder:Start<VRWorkspace.Streaming.PhaseProtocolClient/<HandleTextMessageAsync>d__94> (VRWorkspace.Streaming.PhaseProtocolClient/<HandleTextMessageAsync>d__94&)
VRWorkspace.Streaming.PhaseProtocolClient:HandleTextMessageAsync (string)
VRWorkspace.Streaming.PhaseProtocolClient/<ReceiveLoopAsync>d__93:MoveNext () (at Assets/VR-Workspace/Scripts/Streaming/PhaseProtocolClient.cs:397)
UnityEngine.UnitySynchronizationContext:ExecuteTasks ()

[PhaseProtocol] >>> Handling streaming_started
UnityEngine.Debug:Log (object)
VRWorkspace.Streaming.PhaseProtocolClient/<HandleTextMessageAsync>d__94:MoveNext () (at Assets/VR-Workspace/Scripts/Streaming/PhaseProtocolClient.cs:492)
System.Runtime.CompilerServices.AsyncTaskMethodBuilder:Start<VRWorkspace.Streaming.PhaseProtocolClient/<HandleTextMessageAsync>d__94> (VRWorkspace.Streaming.PhaseProtocolClient/<HandleTextMessageAsync>d__94&)
VRWorkspace.Streaming.PhaseProtocolClient:HandleTextMessageAsync (string)
VRWorkspace.Streaming.PhaseProtocolClient/<ReceiveLoopAsync>d__93:MoveNext () (at Assets/VR-Workspace/Scripts/Streaming/PhaseProtocolClient.cs:397)
UnityEngine.UnitySynchronizationContext:ExecuteTasks ()

[PhaseProtocol] Streaming started (server message)!
UnityEngine.Debug:Log (object)
VRWorkspace.Streaming.PhaseProtocolClient:HandleStreamingStarted (VRWorkspace.Streaming.SimpleJson) (at Assets/VR-Workspace/Scripts/Streaming/PhaseProtocolClient.cs:1869)
VRWorkspace.Streaming.PhaseProtocolClient/<HandleTextMessageAsync>d__94:MoveNext () (at Assets/VR-Workspace/Scripts/Streaming/PhaseProtocolClient.cs:493)
System.Runtime.CompilerServices.AsyncTaskMethodBuilder:Start<VRWorkspace.Streaming.PhaseProtocolClient/<HandleTextMessageAsync>d__94> (VRWorkspace.Streaming.PhaseProtocolClient/<HandleTextMessageAsync>d__94&)
VRWorkspace.Streaming.PhaseProtocolClient:HandleTextMessageAsync (string)
VRWorkspace.Streaming.PhaseProtocolClient/<ReceiveLoopAsync>d__93:MoveNext () (at Assets/VR-Workspace/Scripts/Streaming/PhaseProtocolClient.cs:397)
UnityEngine.UnitySynchronizationContext:ExecuteTasks ()

[StateMachine] StartingStream -> Streaming
UnityEngine.Debug:Log (object)
VRWorkspace.Streaming.ConnectionStateMachine:TryTransition (VRWorkspace.Streaming.ConnectionPhase,string) (at Assets/VR-Workspace/Scripts/Streaming/ConnectionStateMachine.cs:102)
VRWorkspace.Streaming.PhaseProtocolClient:HandleStreamingStarted (VRWorkspace.Streaming.SimpleJson) (at Assets/VR-Workspace/Scripts/Streaming/PhaseProtocolClient.cs:1870)
VRWorkspace.Streaming.PhaseProtocolClient/<HandleTextMessageAsync>d__94:MoveNext () (at Assets/VR-Workspace/Scripts/Streaming/PhaseProtocolClient.cs:493)
System.Runtime.CompilerServices.AsyncTaskMethodBuilder:Start<VRWorkspace.Streaming.PhaseProtocolClient/<HandleTextMessageAsync>d__94> (VRWorkspace.Streaming.PhaseProtocolClient/<HandleTextMessageAsync>d__94&)
VRWorkspace.Streaming.PhaseProtocolClient:HandleTextMessageAsync (string)
VRWorkspace.Streaming.PhaseProtocolClient/<ReceiveLoopAsync>d__93:MoveNext () (at Assets/VR-Workspace/Scripts/Streaming/PhaseProtocolClient.cs:397)
UnityEngine.UnitySynchronizationContext:ExecuteTasks ()

[AndroidHelper] Power locks only available on Android device
UnityEngine.Debug:Log (object)
VRWorkspace.Streaming.AndroidStreamingHelper:AcquireLocks () (at Assets/VR-Workspace/Scripts/Streaming/AndroidStreamingHelper.cs:79)
VRWorkspace.Streaming.PhaseProtocolClient:HandleStreamingStarted (VRWorkspace.Streaming.SimpleJson) (at Assets/VR-Workspace/Scripts/Streaming/PhaseProtocolClient.cs:1875)
VRWorkspace.Streaming.PhaseProtocolClient/<HandleTextMessageAsync>d__94:MoveNext () (at Assets/VR-Workspace/Scripts/Streaming/PhaseProtocolClient.cs:493)
System.Runtime.CompilerServices.AsyncTaskMethodBuilder:Start<VRWorkspace.Streaming.PhaseProtocolClient/<HandleTextMessageAsync>d__94> (VRWorkspace.Streaming.PhaseProtocolClient/<HandleTextMessageAsync>d__94&)
VRWorkspace.Streaming.PhaseProtocolClient:HandleTextMessageAsync (string)
VRWorkspace.Streaming.PhaseProtocolClient/<ReceiveLoopAsync>d__93:MoveNext () (at Assets/VR-Workspace/Scripts/Streaming/PhaseProtocolClient.cs:397)
UnityEngine.UnitySynchronizationContext:ExecuteTasks ()

[AndroidHelper] Screen sleep: disabled
UnityEngine.Debug:Log (object)
VRWorkspace.Streaming.AndroidStreamingHelper:SetKeepScreenOn (bool) (at Assets/VR-Workspace/Scripts/Streaming/AndroidStreamingHelper.cs:175)
VRWorkspace.Streaming.PhaseProtocolClient:HandleStreamingStarted (VRWorkspace.Streaming.SimpleJson) (at Assets/VR-Workspace/Scripts/Streaming/PhaseProtocolClient.cs:1876)
VRWorkspace.Streaming.PhaseProtocolClient/<HandleTextMessageAsync>d__94:MoveNext () (at Assets/VR-Workspace/Scripts/Streaming/PhaseProtocolClient.cs:493)
System.Runtime.CompilerServices.AsyncTaskMethodBuilder:Start<VRWorkspace.Streaming.PhaseProtocolClient/<HandleTextMessageAsync>d__94> (VRWorkspace.Streaming.PhaseProtocolClient/<HandleTextMessageAsync>d__94&)
VRWorkspace.Streaming.PhaseProtocolClient:HandleTextMessageAsync (string)
VRWorkspace.Streaming.PhaseProtocolClient/<ReceiveLoopAsync>d__93:MoveNext () (at Assets/VR-Workspace/Scripts/Streaming/PhaseProtocolClient.cs:397)
UnityEngine.UnitySynchronizationContext:ExecuteTasks ()

[PhaseProtocol] Frame stall monitor started
UnityEngine.Debug:Log (object)
VRWorkspace.Streaming.PhaseProtocolClient/<FrameStallMonitorAsync>d__130:MoveNext () (at Assets/VR-Workspace/Scripts/Streaming/PhaseProtocolClient.cs:1902)
System.Runtime.CompilerServices.AsyncTaskMethodBuilder:Start<VRWorkspace.Streaming.PhaseProtocolClient/<FrameStallMonitorAsync>d__130> (VRWorkspace.Streaming.PhaseProtocolClient/<FrameStallMonitorAsync>d__130&)
VRWorkspace.Streaming.PhaseProtocolClient:FrameStallMonitorAsync (System.Threading.CancellationToken)
VRWorkspace.Streaming.PhaseProtocolClient:HandleStreamingStarted (VRWorkspace.Streaming.SimpleJson) (at Assets/VR-Workspace/Scripts/Streaming/PhaseProtocolClient.cs:1881)
VRWorkspace.Streaming.PhaseProtocolClient/<HandleTextMessageAsync>d__94:MoveNext () (at Assets/VR-Workspace/Scripts/Streaming/PhaseProtocolClient.cs:493)
System.Runtime.CompilerServices.AsyncTaskMethodBuilder:Start<VRWorkspace.Streaming.PhaseProtocolClient/<HandleTextMessageAsync>d__94> (VRWorkspace.Streaming.PhaseProtocolClient/<HandleTextMessageAsync>d__94&)
VRWorkspace.Streaming.PhaseProtocolClient:HandleTextMessageAsync (string)
VRWorkspace.Streaming.PhaseProtocolClient/<ReceiveLoopAsync>d__93:MoveNext () (at Assets/VR-Workspace/Scripts/Streaming/PhaseProtocolClient.cs:397)
UnityEngine.UnitySynchronizationContext:ExecuteTasks ()

[RTTRemoteMenu] HandlePhaseChanged: ReadyToStream -> Streaming
UnityEngine.Debug:Log (object)
RTTRemoteMenu:HandlePhaseChanged (VRWorkspace.Streaming.ConnectionPhase) (at Assets/VR-Workspace/Scripts/UI/RTT/Components/RTTRemoteMenu.cs:542)
VRWorkspace.Core.ObservableProperty`1/<>c__DisplayClass12_0<VRWorkspace.Streaming.ConnectionPhase>:<NotifyChanged>b__0 () (at Assets/VR-Workspace/Scripts/Core/ObservableProperty.cs:114)
VRWorkspace.Core.MainThreadDispatcher:Enqueue (System.Action) (at Assets/VR-Workspace/Scripts/Core/MainThreadDispatcher.cs:122)
VRWorkspace.Core.ObservableProperty`1<VRWorkspace.Streaming.ConnectionPhase>:NotifyChanged (VRWorkspace.Streaming.ConnectionPhase) (at Assets/VR-Workspace/Scripts/Core/ObservableProperty.cs:114)
VRWorkspace.Core.ObservableProperty`1<VRWorkspace.Streaming.ConnectionPhase>:set_Value (VRWorkspace.Streaming.ConnectionPhase) (at Assets/VR-Workspace/Scripts/Core/ObservableProperty.cs:79)
VRWorkspace.ViewModels.ConnectionViewModel/<>c__DisplayClass94_0:<SubscribeToEvents>b__7 () (at Assets/VR-Workspace/Scripts/ViewModels/ConnectionViewModel.cs:510)
VRWorkspace.Streaming.PhaseProtocolClient:HandleStreamingStarted (VRWorkspace.Streaming.SimpleJson) (at Assets/VR-Workspace/Scripts/Streaming/PhaseProtocolClient.cs:1887)
VRWorkspace.Streaming.PhaseProtocolClient/<HandleTextMessageAsync>d__94:MoveNext () (at Assets/VR-Workspace/Scripts/Streaming/PhaseProtocolClient.cs:493)
System.Runtime.CompilerServices.AsyncTaskMethodBuilder:Start<VRWorkspace.Streaming.PhaseProtocolClient/<HandleTextMessageAsync>d__94> (VRWorkspace.Streaming.PhaseProtocolClient/<HandleTextMessageAsync>d__94&)
VRWorkspace.Streaming.PhaseProtocolClient:HandleTextMessageAsync (string)
VRWorkspace.Streaming.PhaseProtocolClient/<ReceiveLoopAsync>d__93:MoveNext () (at Assets/VR-Workspace/Scripts/Streaming/PhaseProtocolClient.cs:397)
UnityEngine.UnitySynchronizationContext:ExecuteTasks ()

[RTTRemoteMenuController#1] Streaming started, _clusterRig=OK, panels=Count=2
UnityEngine.Debug:Log (object)
RTTRemoteMenuController:HandleStreamingStateChanged (bool) (at Assets/VR-Workspace/Scripts/UI/RTT/Controllers/RTTRemoteMenuController.cs:500)
VRWorkspace.Core.ObservableProperty`1/<>c__DisplayClass12_0<bool>:<NotifyChanged>b__0 () (at Assets/VR-Workspace/Scripts/Core/ObservableProperty.cs:114)
VRWorkspace.Core.MainThreadDispatcher:Enqueue (System.Action) (at Assets/VR-Workspace/Scripts/Core/MainThreadDispatcher.cs:122)
VRWorkspace.Core.ObservableProperty`1<bool>:NotifyChanged (bool) (at Assets/VR-Workspace/Scripts/Core/ObservableProperty.cs:114)
VRWorkspace.Core.ObservableProperty`1<bool>:set_Value (bool) (at Assets/VR-Workspace/Scripts/Core/ObservableProperty.cs:79)
VRWorkspace.ViewModels.ConnectionViewModel/<>c__DisplayClass94_0:<SubscribeToEvents>b__7 () (at Assets/VR-Workspace/Scripts/ViewModels/ConnectionViewModel.cs:511)
VRWorkspace.Streaming.PhaseProtocolClient:HandleStreamingStarted (VRWorkspace.Streaming.SimpleJson) (at Assets/VR-Workspace/Scripts/Streaming/PhaseProtocolClient.cs:1887)
VRWorkspace.Streaming.PhaseProtocolClient/<HandleTextMessageAsync>d__94:MoveNext () (at Assets/VR-Workspace/Scripts/Streaming/PhaseProtocolClient.cs:493)
System.Runtime.CompilerServices.AsyncTaskMethodBuilder:Start<VRWorkspace.Streaming.PhaseProtocolClient/<HandleTextMessageAsync>d__94> (VRWorkspace.Streaming.PhaseProtocolClient/<HandleTextMessageAsync>d__94&)
VRWorkspace.Streaming.PhaseProtocolClient:HandleTextMessageAsync (string)
VRWorkspace.Streaming.PhaseProtocolClient/<ReceiveLoopAsync>d__93:MoveNext () (at Assets/VR-Workspace/Scripts/Streaming/PhaseProtocolClient.cs:397)
UnityEngine.UnitySynchronizationContext:ExecuteTasks ()

[RTTRemoteMenuController#1] Update #2461, vm=OK, rig=OK, phase=Streaming, streaming=True, panels=Count=2, goActive=True
UnityEngine.Debug:Log (object)
RTTRemoteMenuController:Update () (at Assets/VR-Workspace/Scripts/UI/RTT/Controllers/RTTRemoteMenuController.cs:239)

[PhaseProtocol] Cannot start streaming from Streaming
UnityEngine.Debug:LogWarning (object)
VRWorkspace.Streaming.PhaseProtocolClient/<StartStreamingAsync>d__81:MoveNext () (at Assets/VR-Workspace/Scripts/Streaming/PhaseProtocolClient.cs:213)
System.Runtime.CompilerServices.AsyncTaskMethodBuilder:Start<VRWorkspace.Streaming.PhaseProtocolClient/<StartStreamingAsync>d__81> (VRWorkspace.Streaming.PhaseProtocolClient/<StartStreamingAsync>d__81&)
VRWorkspace.Streaming.PhaseProtocolClient:StartStreamingAsync (bool)
VRWorkspace.ViewModels.ConnectionViewModel/<StartStreamingAsync>d__87:MoveNext () (at Assets/VR-Workspace/Scripts/ViewModels/ConnectionViewModel.cs:328)
System.Runtime.CompilerServices.AsyncTaskMethodBuilder:Start<VRWorkspace.ViewModels.ConnectionViewModel/<StartStreamingAsync>d__87> (VRWorkspace.ViewModels.ConnectionViewModel/<StartStreamingAsync>d__87&)
VRWorkspace.ViewModels.ConnectionViewModel:StartStreamingAsync (bool)
VRWorkspace.ViewModels.ConnectionViewModel/<>c__DisplayClass94_0/<<SubscribeToEvents>b__15>d:MoveNext () (at Assets/VR-Workspace/Scripts/ViewModels/ConnectionViewModel.cs:601)
UnityEngine.UnitySynchronizationContext:ExecuteTasks ()

[RTTRemoteMenuController#1] Panel 0 received first texture, hiding overlay
UnityEngine.Debug:Log (object)
RTTRemoteMenuController:Update () (at Assets/VR-Workspace/Scripts/UI/RTT/Controllers/RTTRemoteMenuController.cs:300)

[RTTRemoteMenuController#1] Panel 1 received first texture, hiding overlay
UnityEngine.Debug:Log (object)
RTTRemoteMenuController:Update () (at Assets/VR-Workspace/Scripts/UI/RTT/Controllers/RTTRemoteMenuController.cs:300)

[PhaseProtocol] PollTextures PC0: track=valid, tex=1920x1080, cached=set, frames=1, lastFrame=70ms ago
UnityEngine.Debug:Log (object)
VRWorkspace.Streaming.PhaseProtocolClient:PollTextures () (at Assets/VR-Workspace/Scripts/Streaming/PhaseProtocolClient.cs:2176)
VRWorkspace.ViewModels.ConnectionViewModel:PollTextures () (at Assets/VR-Workspace/Scripts/ViewModels/ConnectionViewModel.cs:387)
RTTRemoteMenuController:Update () (at Assets/VR-Workspace/Scripts/UI/RTT/Controllers/RTTRemoteMenuController.cs:261)

[RTTRemoteMenuController#1] TexturePoll: phase=Streaming, tex=Texture2D, size=1920x1080, currentTex=set
UnityEngine.Debug:Log (object)
RTTRemoteMenuController:Update () (at Assets/VR-Workspace/Scripts/UI/RTT/Controllers/RTTRemoteMenuController.cs:285)

[PhaseProtocol] Received: {"type":"frameTiming","serverTime":1767332530384,"currentFrame":47,"recentFrames":[{"frameNum":37,"c...
UnityEngine.Debug:Log (object)
VRWorkspace.Streaming.PhaseProtocolClient/<HandleTextMessageAsync>d__94:MoveNext () (at Assets/VR-Workspace/Scripts/Streaming/PhaseProtocolClient.cs:420)
System.Runtime.CompilerServices.AsyncTaskMethodBuilder:Start<VRWorkspace.Streaming.PhaseProtocolClient/<HandleTextMessageAsync>d__94> (VRWorkspace.Streaming.PhaseProtocolClient/<HandleTextMessageAsync>d__94&)
VRWorkspace.Streaming.PhaseProtocolClient:HandleTextMessageAsync (string)
VRWorkspace.Streaming.PhaseProtocolClient/<ReceiveLoopAsync>d__93:MoveNext () (at Assets/VR-Workspace/Scripts/Streaming/PhaseProtocolClient.cs:397)
UnityEngine.UnitySynchronizationContext:ExecuteTasks ()

[PhaseProtocol] Parsed type='frameTiming' from message len=524
UnityEngine.Debug:Log (object)
VRWorkspace.Streaming.PhaseProtocolClient/<HandleTextMessageAsync>d__94:MoveNext () (at Assets/VR-Workspace/Scripts/Streaming/PhaseProtocolClient.cs:431)
System.Runtime.CompilerServices.AsyncTaskMethodBuilder:Start<VRWorkspace.Streaming.PhaseProtocolClient/<HandleTextMessageAsync>d__94> (VRWorkspace.Streaming.PhaseProtocolClient/<HandleTextMessageAsync>d__94&)
VRWorkspace.Streaming.PhaseProtocolClient:HandleTextMessageAsync (string)
VRWorkspace.Streaming.PhaseProtocolClient/<ReceiveLoopAsync>d__93:MoveNext () (at Assets/VR-Workspace/Scripts/Streaming/PhaseProtocolClient.cs:397)
UnityEngine.UnitySynchronizationContext:ExecuteTasks ()

[RTTRemoteMenuController#1] Update #2521, vm=OK, rig=OK, phase=Streaming, streaming=True, panels=Count=2, goActive=True
UnityEngine.Debug:Log (object)
RTTRemoteMenuController:Update () (at Assets/VR-Workspace/Scripts/UI/RTT/Controllers/RTTRemoteMenuController.cs:239)

[PhaseProtocol] PollTextures PC0: track=valid, tex=1920x1080, cached=set, frames=1, lastFrame=1070ms ago
UnityEngine.Debug:Log (object)
VRWorkspace.Streaming.PhaseProtocolClient:PollTextures () (at Assets/VR-Workspace/Scripts/Streaming/PhaseProtocolClient.cs:2176)
VRWorkspace.ViewModels.ConnectionViewModel:PollTextures () (at Assets/VR-Workspace/Scripts/ViewModels/ConnectionViewModel.cs:387)
RTTRemoteMenuController:Update () (at Assets/VR-Workspace/Scripts/UI/RTT/Controllers/RTTRemoteMenuController.cs:261)

[RTTRemoteMenuController#1] Update #2581, vm=OK, rig=OK, phase=Streaming, streaming=True, panels=Count=2, goActive=True
UnityEngine.Debug:Log (object)
RTTRemoteMenuController:Update () (at Assets/VR-Workspace/Scripts/UI/RTT/Controllers/RTTRemoteMenuController.cs:239)

[PhaseProtocol] Received: {"type":"frameTiming","serverTime":1767332531405,"currentFrame":107,"recentFrames":[{"frameNum":98,"...
UnityEngine.Debug:Log (object)
VRWorkspace.Streaming.PhaseProtocolClient/<HandleTextMessageAsync>d__94:MoveNext () (at Assets/VR-Workspace/Scripts/Streaming/PhaseProtocolClient.cs:420)
System.Runtime.CompilerServices.AsyncTaskMethodBuilder:Start<VRWorkspace.Streaming.PhaseProtocolClient/<HandleTextMessageAsync>d__94> (VRWorkspace.Streaming.PhaseProtocolClient/<HandleTextMessageAsync>d__94&)
VRWorkspace.Streaming.PhaseProtocolClient:HandleTextMessageAsync (string)
VRWorkspace.Streaming.PhaseProtocolClient/<ReceiveLoopAsync>d__93:MoveNext () (at Assets/VR-Workspace/Scripts/Streaming/PhaseProtocolClient.cs:397)
UnityEngine.UnitySynchronizationContext:ExecuteTasks ()

[PhaseProtocol] Parsed type='frameTiming' from message len=533
UnityEngine.Debug:Log (object)
VRWorkspace.Streaming.PhaseProtocolClient/<HandleTextMessageAsync>d__94:MoveNext () (at Assets/VR-Workspace/Scripts/Streaming/PhaseProtocolClient.cs:431)
System.Runtime.CompilerServices.AsyncTaskMethodBuilder:Start<VRWorkspace.Streaming.PhaseProtocolClient/<HandleTextMessageAsync>d__94> (VRWorkspace.Streaming.PhaseProtocolClient/<HandleTextMessageAsync>d__94&)
VRWorkspace.Streaming.PhaseProtocolClient:HandleTextMessageAsync (string)
VRWorkspace.Streaming.PhaseProtocolClient/<ReceiveLoopAsync>d__93:MoveNext () (at Assets/VR-Workspace/Scripts/Streaming/PhaseProtocolClient.cs:397)
UnityEngine.UnitySynchronizationContext:ExecuteTasks ()

[PhaseProtocol] PollTextures PC0: track=valid, tex=1920x1080, cached=set, frames=1, lastFrame=2071ms ago
UnityEngine.Debug:Log (object)
VRWorkspace.Streaming.PhaseProtocolClient:PollTextures () (at Assets/VR-Workspace/Scripts/Streaming/PhaseProtocolClient.cs:2176)
VRWorkspace.ViewModels.ConnectionViewModel:PollTextures () (at Assets/VR-Workspace/Scripts/ViewModels/ConnectionViewModel.cs:387)
RTTRemoteMenuController:Update () (at Assets/VR-Workspace/Scripts/UI/RTT/Controllers/RTTRemoteMenuController.cs:261)

[RTTRemoteMenuController#1] Update #2641, vm=OK, rig=OK, phase=Streaming, streaming=True, panels=Count=2, goActive=True
UnityEngine.Debug:Log (object)
RTTRemoteMenuController:Update () (at Assets/VR-Workspace/Scripts/UI/RTT/Controllers/RTTRemoteMenuController.cs:239)

[PhaseProtocol] Received: {"type":"frameTiming","serverTime":1767332532431,"currentFrame":171,"recentFrames":[{"frameNum":162,...
UnityEngine.Debug:Log (object)
VRWorkspace.Streaming.PhaseProtocolClient/<HandleTextMessageAsync>d__94:MoveNext () (at Assets/VR-Workspace/Scripts/Streaming/PhaseProtocolClient.cs:420)
System.Runtime.CompilerServices.AsyncTaskMethodBuilder:Start<VRWorkspace.Streaming.PhaseProtocolClient/<HandleTextMessageAsync>d__94> (VRWorkspace.Streaming.PhaseProtocolClient/<HandleTextMessageAsync>d__94&)
VRWorkspace.Streaming.PhaseProtocolClient:HandleTextMessageAsync (string)
VRWorkspace.Streaming.PhaseProtocolClient/<ReceiveLoopAsync>d__93:MoveNext () (at Assets/VR-Workspace/Scripts/Streaming/PhaseProtocolClient.cs:397)
UnityEngine.UnitySynchronizationContext:ExecuteTasks ()

[PhaseProtocol] Parsed type='frameTiming' from message len=535
UnityEngine.Debug:Log (object)
VRWorkspace.Streaming.PhaseProtocolClient/<HandleTextMessageAsync>d__94:MoveNext () (at Assets/VR-Workspace/Scripts/Streaming/PhaseProtocolClient.cs:431)
System.Runtime.CompilerServices.AsyncTaskMethodBuilder:Start<VRWorkspace.Streaming.PhaseProtocolClient/<HandleTextMessageAsync>d__94> (VRWorkspace.Streaming.PhaseProtocolClient/<HandleTextMessageAsync>d__94&)
VRWorkspace.Streaming.PhaseProtocolClient:HandleTextMessageAsync (string)
VRWorkspace.Streaming.PhaseProtocolClient/<ReceiveLoopAsync>d__93:MoveNext () (at Assets/VR-Workspace/Scripts/Streaming/PhaseProtocolClient.cs:397)
UnityEngine.UnitySynchronizationContext:ExecuteTasks ()

[PhaseProtocol] PollTextures PC0: track=valid, tex=1920x1080, cached=set, frames=1, lastFrame=3070ms ago
UnityEngine.Debug:Log (object)
VRWorkspace.Streaming.PhaseProtocolClient:PollTextures () (at Assets/VR-Workspace/Scripts/Streaming/PhaseProtocolClient.cs:2176)
VRWorkspace.ViewModels.ConnectionViewModel:PollTextures () (at Assets/VR-Workspace/Scripts/ViewModels/ConnectionViewModel.cs:387)
RTTRemoteMenuController:Update () (at Assets/VR-Workspace/Scripts/UI/RTT/Controllers/RTTRemoteMenuController.cs:261)

[RTTRemoteMenuController#1] Update #2701, vm=OK, rig=OK, phase=Streaming, streaming=True, panels=Count=2, goActive=True
UnityEngine.Debug:Log (object)
RTTRemoteMenuController:Update () (at Assets/VR-Workspace/Scripts/UI/RTT/Controllers/RTTRemoteMenuController.cs:239)

[PhaseProtocol] Received: {"type":"frameTiming","serverTime":1767332533450,"currentFrame":231,"recentFrames":[{"frameNum":222,...
UnityEngine.Debug:Log (object)
VRWorkspace.Streaming.PhaseProtocolClient/<HandleTextMessageAsync>d__94:MoveNext () (at Assets/VR-Workspace/Scripts/Streaming/PhaseProtocolClient.cs:420)
System.Runtime.CompilerServices.AsyncTaskMethodBuilder:Start<VRWorkspace.Streaming.PhaseProtocolClient/<HandleTextMessageAsync>d__94> (VRWorkspace.Streaming.PhaseProtocolClient/<HandleTextMessageAsync>d__94&)
VRWorkspace.Streaming.PhaseProtocolClient:HandleTextMessageAsync (string)
VRWorkspace.Streaming.PhaseProtocolClient/<ReceiveLoopAsync>d__93:MoveNext () (at Assets/VR-Workspace/Scripts/Streaming/PhaseProtocolClient.cs:397)
UnityEngine.UnitySynchronizationContext:ExecuteTasks ()

[PhaseProtocol] PollTextures PC0: track=valid, tex=1920x1080, cached=set, frames=1, lastFrame=4070ms ago
UnityEngine.Debug:Log (object)
VRWorkspace.Streaming.PhaseProtocolClient:PollTextures () (at Assets/VR-Workspace/Scripts/Streaming/PhaseProtocolClient.cs:2176)
VRWorkspace.ViewModels.ConnectionViewModel:PollTextures () (at Assets/VR-Workspace/Scripts/ViewModels/ConnectionViewModel.cs:387)
RTTRemoteMenuController:Update () (at Assets/VR-Workspace/Scripts/UI/RTT/Controllers/RTTRemoteMenuController.cs:261)

[PhaseProtocol] Received: ping...
UnityEngine.Debug:Log (object)
VRWorkspace.Streaming.PhaseProtocolClient/<HandleTextMessageAsync>d__94:MoveNext () (at Assets/VR-Workspace/Scripts/Streaming/PhaseProtocolClient.cs:420)
System.Runtime.CompilerServices.AsyncTaskMethodBuilder:Start<VRWorkspace.Streaming.PhaseProtocolClient/<HandleTextMessageAsync>d__94> (VRWorkspace.Streaming.PhaseProtocolClient/<HandleTextMessageAsync>d__94&)
VRWorkspace.Streaming.PhaseProtocolClient:HandleTextMessageAsync (string)
VRWorkspace.Streaming.PhaseProtocolClient/<ReceiveLoopAsync>d__93:MoveNext () (at Assets/VR-Workspace/Scripts/Streaming/PhaseProtocolClient.cs:397)
UnityEngine.UnitySynchronizationContext:ExecuteTasks ()

[RTTRemoteMenuController#1] Update #2761, vm=OK, rig=OK, phase=Streaming, streaming=True, panels=Count=2, goActive=True
UnityEngine.Debug:Log (object)
RTTRemoteMenuController:Update () (at Assets/VR-Workspace/Scripts/UI/RTT/Controllers/RTTRemoteMenuController.cs:239)

[PhaseProtocol] Received: {"type":"frameTiming","serverTime":1767332534466,"currentFrame":293,"recentFrames":[{"frameNum":284,...
UnityEngine.Debug:Log (object)
VRWorkspace.Streaming.PhaseProtocolClient/<HandleTextMessageAsync>d__94:MoveNext () (at Assets/VR-Workspace/Scripts/Streaming/PhaseProtocolClient.cs:420)
System.Runtime.CompilerServices.AsyncTaskMethodBuilder:Start<VRWorkspace.Streaming.PhaseProtocolClient/<HandleTextMessageAsync>d__94> (VRWorkspace.Streaming.PhaseProtocolClient/<HandleTextMessageAsync>d__94&)
VRWorkspace.Streaming.PhaseProtocolClient:HandleTextMessageAsync (string)
VRWorkspace.Streaming.PhaseProtocolClient/<ReceiveLoopAsync>d__93:MoveNext () (at Assets/VR-Workspace/Scripts/Streaming/PhaseProtocolClient.cs:397)
UnityEngine.UnitySynchronizationContext:ExecuteTasks ()

[PhaseProtocol] PollTextures PC0: track=valid, tex=1920x1080, cached=set, frames=1, lastFrame=5070ms ago
UnityEngine.Debug:Log (object)
VRWorkspace.Streaming.PhaseProtocolClient:PollTextures () (at Assets/VR-Workspace/Scripts/Streaming/PhaseProtocolClient.cs:2176)
VRWorkspace.ViewModels.ConnectionViewModel:PollTextures () (at Assets/VR-Workspace/Scripts/ViewModels/ConnectionViewModel.cs:387)
RTTRemoteMenuController:Update () (at Assets/VR-Workspace/Scripts/UI/RTT/Controllers/RTTRemoteMenuController.cs:261)

[RTTRemoteMenuController#1] Update #2821, vm=OK, rig=OK, phase=Streaming, streaming=True, panels=Count=2, goActive=True
UnityEngine.Debug:Log (object)
RTTRemoteMenuController:Update () (at Assets/VR-Workspace/Scripts/UI/RTT/Controllers/RTTRemoteMenuController.cs:239)

[PhaseProtocol] Received: {"type":"frameTiming","serverTime":1767332535481,"currentFrame":353,"recentFrames":[{"frameNum":344,...
UnityEngine.Debug:Log (object)
VRWorkspace.Streaming.PhaseProtocolClient/<HandleTextMessageAsync>d__94:MoveNext () (at Assets/VR-Workspace/Scripts/Streaming/PhaseProtocolClient.cs:420)
System.Runtime.CompilerServices.AsyncTaskMethodBuilder:Start<VRWorkspace.Streaming.PhaseProtocolClient/<HandleTextMessageAsync>d__94> (VRWorkspace.Streaming.PhaseProtocolClient/<HandleTextMessageAsync>d__94&)
VRWorkspace.Streaming.PhaseProtocolClient:HandleTextMessageAsync (string)
VRWorkspace.Streaming.PhaseProtocolClient/<ReceiveLoopAsync>d__93:MoveNext () (at Assets/VR-Workspace/Scripts/Streaming/PhaseProtocolClient.cs:397)
UnityEngine.UnitySynchronizationContext:ExecuteTasks ()

[PhaseProtocol] PollTextures PC0: track=valid, tex=1920x1080, cached=set, frames=1, lastFrame=6071ms ago
UnityEngine.Debug:Log (object)
VRWorkspace.Streaming.PhaseProtocolClient:PollTextures () (at Assets/VR-Workspace/Scripts/Streaming/PhaseProtocolClient.cs:2176)
VRWorkspace.ViewModels.ConnectionViewModel:PollTextures () (at Assets/VR-Workspace/Scripts/ViewModels/ConnectionViewModel.cs:387)
RTTRemoteMenuController:Update () (at Assets/VR-Workspace/Scripts/UI/RTT/Controllers/RTTRemoteMenuController.cs:261)

[RTTRemoteMenuController#1] Update #2881, vm=OK, rig=OK, phase=Streaming, streaming=True, panels=Count=2, goActive=True
UnityEngine.Debug:Log (object)
RTTRemoteMenuController:Update () (at Assets/VR-Workspace/Scripts/UI/RTT/Controllers/RTTRemoteMenuController.cs:239)

[PhaseProtocol] Received: {"type":"frameTiming","serverTime":1767332536501,"currentFrame":415,"recentFrames":[{"frameNum":406,...
UnityEngine.Debug:Log (object)
VRWorkspace.Streaming.PhaseProtocolClient/<HandleTextMessageAsync>d__94:MoveNext () (at Assets/VR-Workspace/Scripts/Streaming/PhaseProtocolClient.cs:420)
System.Runtime.CompilerServices.AsyncTaskMethodBuilder:Start<VRWorkspace.Streaming.PhaseProtocolClient/<HandleTextMessageAsync>d__94> (VRWorkspace.Streaming.PhaseProtocolClient/<HandleTextMessageAsync>d__94&)
VRWorkspace.Streaming.PhaseProtocolClient:HandleTextMessageAsync (string)
VRWorkspace.Streaming.PhaseProtocolClient/<ReceiveLoopAsync>d__93:MoveNext () (at Assets/VR-Workspace/Scripts/Streaming/PhaseProtocolClient.cs:397)
UnityEngine.UnitySynchronizationContext:ExecuteTasks ()

[PhaseProtocol] PollTextures PC0: track=valid, tex=1920x1080, cached=set, frames=1, lastFrame=7071ms ago
UnityEngine.Debug:Log (object)
VRWorkspace.Streaming.PhaseProtocolClient:PollTextures () (at Assets/VR-Workspace/Scripts/Streaming/PhaseProtocolClient.cs:2176)
VRWorkspace.ViewModels.ConnectionViewModel:PollTextures () (at Assets/VR-Workspace/Scripts/ViewModels/ConnectionViewModel.cs:387)
RTTRemoteMenuController:Update () (at Assets/VR-Workspace/Scripts/UI/RTT/Controllers/RTTRemoteMenuController.cs:261)

[RTTRemoteMenuController#1] Update #2941, vm=OK, rig=OK, phase=Streaming, streaming=True, panels=Count=2, goActive=True
UnityEngine.Debug:Log (object)
RTTRemoteMenuController:Update () (at Assets/VR-Workspace/Scripts/UI/RTT/Controllers/RTTRemoteMenuController.cs:239)

[PhaseProtocol] Received: {"type":"frameTiming","serverTime":1767332537521,"currentFrame":478,"recentFrames":[{"frameNum":469,...
UnityEngine.Debug:Log (object)
VRWorkspace.Streaming.PhaseProtocolClient/<HandleTextMessageAsync>d__94:MoveNext () (at Assets/VR-Workspace/Scripts/Streaming/PhaseProtocolClient.cs:420)
System.Runtime.CompilerServices.AsyncTaskMethodBuilder:Start<VRWorkspace.Streaming.PhaseProtocolClient/<HandleTextMessageAsync>d__94> (VRWorkspace.Streaming.PhaseProtocolClient/<HandleTextMessageAsync>d__94&)
VRWorkspace.Streaming.PhaseProtocolClient:HandleTextMessageAsync (string)
VRWorkspace.Streaming.PhaseProtocolClient/<ReceiveLoopAsync>d__93:MoveNext () (at Assets/VR-Workspace/Scripts/Streaming/PhaseProtocolClient.cs:397)
UnityEngine.UnitySynchronizationContext:ExecuteTasks ()

[PhaseProtocol] PollTextures PC0: track=valid, tex=1920x1080, cached=set, frames=1, lastFrame=8071ms ago
UnityEngine.Debug:Log (object)
VRWorkspace.Streaming.PhaseProtocolClient:PollTextures () (at Assets/VR-Workspace/Scripts/Streaming/PhaseProtocolClient.cs:2176)
VRWorkspace.ViewModels.ConnectionViewModel:PollTextures () (at Assets/VR-Workspace/Scripts/ViewModels/ConnectionViewModel.cs:387)
RTTRemoteMenuController:Update () (at Assets/VR-Workspace/Scripts/UI/RTT/Controllers/RTTRemoteMenuController.cs:261)

[RTTRemoteMenuController#1] Update #3001, vm=OK, rig=OK, phase=Streaming, streaming=True, panels=Count=2, goActive=True
UnityEngine.Debug:Log (object)
RTTRemoteMenuController:Update () (at Assets/VR-Workspace/Scripts/UI/RTT/Controllers/RTTRemoteMenuController.cs:239)

[PhaseProtocol] Received: {"type":"frameTiming","serverTime":1767332538543,"currentFrame":539,"recentFrames":[{"frameNum":530,...
UnityEngine.Debug:Log (object)
VRWorkspace.Streaming.PhaseProtocolClient/<HandleTextMessageAsync>d__94:MoveNext () (at Assets/VR-Workspace/Scripts/Streaming/PhaseProtocolClient.cs:420)
System.Runtime.CompilerServices.AsyncTaskMethodBuilder:Start<VRWorkspace.Streaming.PhaseProtocolClient/<HandleTextMessageAsync>d__94> (VRWorkspace.Streaming.PhaseProtocolClient/<HandleTextMessageAsync>d__94&)
VRWorkspace.Streaming.PhaseProtocolClient:HandleTextMessageAsync (string)
VRWorkspace.Streaming.PhaseProtocolClient/<ReceiveLoopAsync>d__93:MoveNext () (at Assets/VR-Workspace/Scripts/Streaming/PhaseProtocolClient.cs:397)
UnityEngine.UnitySynchronizationContext:ExecuteTasks ()

[PhaseProtocol] PollTextures PC0: track=valid, tex=1920x1080, cached=set, frames=1, lastFrame=9071ms ago
UnityEngine.Debug:Log (object)
VRWorkspace.Streaming.PhaseProtocolClient:PollTextures () (at Assets/VR-Workspace/Scripts/Streaming/PhaseProtocolClient.cs:2176)
VRWorkspace.ViewModels.ConnectionViewModel:PollTextures () (at Assets/VR-Workspace/Scripts/ViewModels/ConnectionViewModel.cs:387)
RTTRemoteMenuController:Update () (at Assets/VR-Workspace/Scripts/UI/RTT/Controllers/RTTRemoteMenuController.cs:261)

[PhaseProtocol] PC0 FRAME STALL detected! No frames for 9.9s (frames received: 1)
UnityEngine.Debug:LogWarning (object)
VRWorkspace.Streaming.PhaseProtocolClient/<FrameStallMonitorAsync>d__130:MoveNext () (at Assets/VR-Workspace/Scripts/Streaming/PhaseProtocolClient.cs:1930)
UnityEngine.UnitySynchronizationContext:ExecuteTasks ()

[PhaseProtocol] PC0 triggering reconnect due to frame stall
UnityEngine.Debug:Log (object)
VRWorkspace.Streaming.PhaseProtocolClient/<FrameStallMonitorAsync>d__130:MoveNext () (at Assets/VR-Workspace/Scripts/Streaming/PhaseProtocolClient.cs:1936)
UnityEngine.UnitySynchronizationContext:ExecuteTasks ()

[PhaseProtocol] PC0 auto-heal: attempt 1/5, waiting 2000ms...
UnityEngine.Debug:Log (object)
VRWorkspace.Streaming.PhaseProtocolClient/<AutoHealMonitorAsync>d__128:MoveNext () (at Assets/VR-Workspace/Scripts/Streaming/PhaseProtocolClient.cs:1830)
System.Runtime.CompilerServices.AsyncTaskMethodBuilder:Start<VRWorkspace.Streaming.PhaseProtocolClient/<AutoHealMonitorAsync>d__128> (VRWorkspace.Streaming.PhaseProtocolClient/<AutoHealMonitorAsync>d__128&)
VRWorkspace.Streaming.PhaseProtocolClient:AutoHealMonitorAsync (int)
VRWorkspace.Streaming.PhaseProtocolClient/<FrameStallMonitorAsync>d__130:MoveNext () (at Assets/VR-Workspace/Scripts/Streaming/PhaseProtocolClient.cs:1937)
UnityEngine.UnitySynchronizationContext:ExecuteTasks ()

[PhaseProtocol] PC1 FRAME STALL detected! No frames for 9.9s (frames received: 1)
UnityEngine.Debug:LogWarning (object)
VRWorkspace.Streaming.PhaseProtocolClient/<FrameStallMonitorAsync>d__130:MoveNext () (at Assets/VR-Workspace/Scripts/Streaming/PhaseProtocolClient.cs:1930)
UnityEngine.UnitySynchronizationContext:ExecuteTasks ()

[PhaseProtocol] PC1 triggering reconnect due to frame stall
UnityEngine.Debug:Log (object)
VRWorkspace.Streaming.PhaseProtocolClient/<FrameStallMonitorAsync>d__130:MoveNext () (at Assets/VR-Workspace/Scripts/Streaming/PhaseProtocolClient.cs:1936)
UnityEngine.UnitySynchronizationContext:ExecuteTasks ()

[PhaseProtocol] PC1 auto-heal: attempt 1/5, waiting 2000ms...
UnityEngine.Debug:Log (object)
VRWorkspace.Streaming.PhaseProtocolClient/<AutoHealMonitorAsync>d__128:MoveNext () (at Assets/VR-Workspace/Scripts/Streaming/PhaseProtocolClient.cs:1830)
System.Runtime.CompilerServices.AsyncTaskMethodBuilder:Start<VRWorkspace.Streaming.PhaseProtocolClient/<AutoHealMonitorAsync>d__128> (VRWorkspace.Streaming.PhaseProtocolClient/<AutoHealMonitorAsync>d__128&)
VRWorkspace.Streaming.PhaseProtocolClient:AutoHealMonitorAsync (int)
VRWorkspace.Streaming.PhaseProtocolClient/<FrameStallMonitorAsync>d__130:MoveNext () (at Assets/VR-Workspace/Scripts/Streaming/PhaseProtocolClient.cs:1937)
UnityEngine.UnitySynchronizationContext:ExecuteTasks ()

[RTTRemoteMenuController#1] Update #3061, vm=OK, rig=OK, phase=Streaming, streaming=True, panels=Count=2, goActive=True
UnityEngine.Debug:Log (object)
RTTRemoteMenuController:Update () (at Assets/VR-Workspace/Scripts/UI/RTT/Controllers/RTTRemoteMenuController.cs:239)

[PhaseProtocol] Received: {"type":"frameTiming","serverTime":1767332539561,"currentFrame":602,"recentFrames":[{"frameNum":593,...
UnityEngine.Debug:Log (object)
VRWorkspace.Streaming.PhaseProtocolClient/<HandleTextMessageAsync>d__94:MoveNext () (at Assets/VR-Workspace/Scripts/Streaming/PhaseProtocolClient.cs:420)
System.Runtime.CompilerServices.AsyncTaskMethodBuilder:Start<VRWorkspace.Streaming.PhaseProtocolClient/<HandleTextMessageAsync>d__94> (VRWorkspace.Streaming.PhaseProtocolClient/<HandleTextMessageAsync>d__94&)
VRWorkspace.Streaming.PhaseProtocolClient:HandleTextMessageAsync (string)
VRWorkspace.Streaming.PhaseProtocolClient/<ReceiveLoopAsync>d__93:MoveNext () (at Assets/VR-Workspace/Scripts/Streaming/PhaseProtocolClient.cs:397)
UnityEngine.UnitySynchronizationContext:ExecuteTasks ()

[PhaseProtocol] PollTextures PC0: track=valid, tex=1920x1080, cached=set, frames=1, lastFrame=10071ms ago
UnityEngine.Debug:Log (object)
VRWorkspace.Streaming.PhaseProtocolClient:PollTextures () (at Assets/VR-Workspace/Scripts/Streaming/PhaseProtocolClient.cs:2176)
VRWorkspace.ViewModels.ConnectionViewModel:PollTextures () (at Assets/VR-Workspace/Scripts/ViewModels/ConnectionViewModel.cs:387)
RTTRemoteMenuController:Update () (at Assets/VR-Workspace/Scripts/UI/RTT/Controllers/RTTRemoteMenuController.cs:261)

[RTTRemoteMenuController#1] Update #3121, vm=OK, rig=OK, phase=Streaming, streaming=True, panels=Count=2, goActive=True
UnityEngine.Debug:Log (object)
RTTRemoteMenuController:Update () (at Assets/VR-Workspace/Scripts/UI/RTT/Controllers/RTTRemoteMenuController.cs:239)

[PhaseProtocol] Received: {"type":"frameTiming","serverTime":1767332540581,"currentFrame":663,"recentFrames":[{"frameNum":654,...
UnityEngine.Debug:Log (object)
VRWorkspace.Streaming.PhaseProtocolClient/<HandleTextMessageAsync>d__94:MoveNext () (at Assets/VR-Workspace/Scripts/Streaming/PhaseProtocolClient.cs:420)
System.Runtime.CompilerServices.AsyncTaskMethodBuilder:Start<VRWorkspace.Streaming.PhaseProtocolClient/<HandleTextMessageAsync>d__94> (VRWorkspace.Streaming.PhaseProtocolClient/<HandleTextMessageAsync>d__94&)
VRWorkspace.Streaming.PhaseProtocolClient:HandleTextMessageAsync (string)
VRWorkspace.Streaming.PhaseProtocolClient/<ReceiveLoopAsync>d__93:MoveNext () (at Assets/VR-Workspace/Scripts/Streaming/PhaseProtocolClient.cs:397)
UnityEngine.UnitySynchronizationContext:ExecuteTasks ()

[PhaseProtocol] PollTextures PC0: track=valid, tex=1920x1080, cached=set, frames=1, lastFrame=11070ms ago
UnityEngine.Debug:Log (object)
VRWorkspace.Streaming.PhaseProtocolClient:PollTextures () (at Assets/VR-Workspace/Scripts/Streaming/PhaseProtocolClient.cs:2176)
VRWorkspace.ViewModels.ConnectionViewModel:PollTextures () (at Assets/VR-Workspace/Scripts/ViewModels/ConnectionViewModel.cs:387)
RTTRemoteMenuController:Update () (at Assets/VR-Workspace/Scripts/UI/RTT/Controllers/RTTRemoteMenuController.cs:261)

[PhaseProtocol] PC0 auto-heal: already recovered, skip reconnect
UnityEngine.Debug:Log (object)
VRWorkspace.Streaming.PhaseProtocolClient/<AutoHealMonitorAsync>d__128:MoveNext () (at Assets/VR-Workspace/Scripts/Streaming/PhaseProtocolClient.cs:1846)
UnityEngine.UnitySynchronizationContext:ExecuteTasks ()

[PhaseProtocol] PC1 auto-heal: already recovered, skip reconnect
UnityEngine.Debug:Log (object)
VRWorkspace.Streaming.PhaseProtocolClient/<AutoHealMonitorAsync>d__128:MoveNext () (at Assets/VR-Workspace/Scripts/Streaming/PhaseProtocolClient.cs:1846)
UnityEngine.UnitySynchronizationContext:ExecuteTasks ()

[PhaseProtocol] PC0 FRAME STALL detected! No frames for 11.9s (frames received: 1)
UnityEngine.Debug:LogWarning (object)
VRWorkspace.Streaming.PhaseProtocolClient/<FrameStallMonitorAsync>d__130:MoveNext () (at Assets/VR-Workspace/Scripts/Streaming/PhaseProtocolClient.cs:1930)
UnityEngine.UnitySynchronizationContext:ExecuteTasks ()

[PhaseProtocol] PC1 FRAME STALL detected! No frames for 11.9s (frames received: 1)
UnityEngine.Debug:LogWarning (object)
VRWorkspace.Streaming.PhaseProtocolClient/<FrameStallMonitorAsync>d__130:MoveNext () (at Assets/VR-Workspace/Scripts/Streaming/PhaseProtocolClient.cs:1930)
UnityEngine.UnitySynchronizationContext:ExecuteTasks ()

[RTTRemoteMenuController#1] Update #3181, vm=OK, rig=OK, phase=Streaming, streaming=True, panels=Count=2, goActive=True
UnityEngine.Debug:Log (object)
RTTRemoteMenuController:Update () (at Assets/VR-Workspace/Scripts/UI/RTT/Controllers/RTTRemoteMenuController.cs:239)

[PhaseProtocol] PollTextures PC0: track=valid, tex=1920x1080, cached=set, frames=1, lastFrame=12070ms ago
UnityEngine.Debug:Log (object)
VRWorkspace.Streaming.PhaseProtocolClient:PollTextures () (at Assets/VR-Workspace/Scripts/Streaming/PhaseProtocolClient.cs:2176)
VRWorkspace.ViewModels.ConnectionViewModel:PollTextures () (at Assets/VR-Workspace/Scripts/ViewModels/ConnectionViewModel.cs:387)
RTTRemoteMenuController:Update () (at Assets/VR-Workspace/Scripts/UI/RTT/Controllers/RTTRemoteMenuController.cs:261)

[PhaseProtocol] Received: {"type":"frameTiming","serverTime":1767332541598,"currentFrame":725,"recentFrames":[{"frameNum":716,...
UnityEngine.Debug:Log (object)
VRWorkspace.Streaming.PhaseProtocolClient/<HandleTextMessageAsync>d__94:MoveNext () (at Assets/VR-Workspace/Scripts/Streaming/PhaseProtocolClient.cs:420)
System.Runtime.CompilerServices.AsyncTaskMethodBuilder:Start<VRWorkspace.Streaming.PhaseProtocolClient/<HandleTextMessageAsync>d__94> (VRWorkspace.Streaming.PhaseProtocolClient/<HandleTextMessageAsync>d__94&)
VRWorkspace.Streaming.PhaseProtocolClient:HandleTextMessageAsync (string)
VRWorkspace.Streaming.PhaseProtocolClient/<ReceiveLoopAsync>d__93:MoveNext () (at Assets/VR-Workspace/Scripts/Streaming/PhaseProtocolClient.cs:397)
UnityEngine.UnitySynchronizationContext:ExecuteTasks ()

[RTTRemoteMenuController#1] Update #3241, vm=OK, rig=OK, phase=Streaming, streaming=True, panels=Count=2, goActive=True
UnityEngine.Debug:Log (object)
RTTRemoteMenuController:Update () (at Assets/VR-Workspace/Scripts/UI/RTT/Controllers/RTTRemoteMenuController.cs:239)

[PhaseProtocol] PollTextures PC0: track=valid, tex=1920x1080, cached=set, frames=1, lastFrame=13071ms ago
UnityEngine.Debug:Log (object)
VRWorkspace.Streaming.PhaseProtocolClient:PollTextures () (at Assets/VR-Workspace/Scripts/Streaming/PhaseProtocolClient.cs:2176)
VRWorkspace.ViewModels.ConnectionViewModel:PollTextures () (at Assets/VR-Workspace/Scripts/ViewModels/ConnectionViewModel.cs:387)
RTTRemoteMenuController:Update () (at Assets/VR-Workspace/Scripts/UI/RTT/Controllers/RTTRemoteMenuController.cs:261)

[PhaseProtocol] Received: {"type":"frameTiming","serverTime":1767332542620,"currentFrame":787,"recentFrames":[{"frameNum":778,...
UnityEngine.Debug:Log (object)
VRWorkspace.Streaming.PhaseProtocolClient/<HandleTextMessageAsync>d__94:MoveNext () (at Assets/VR-Workspace/Scripts/Streaming/PhaseProtocolClient.cs:420)
System.Runtime.CompilerServices.AsyncTaskMethodBuilder:Start<VRWorkspace.Streaming.PhaseProtocolClient/<HandleTextMessageAsync>d__94> (VRWorkspace.Streaming.PhaseProtocolClient/<HandleTextMessageAsync>d__94&)
VRWorkspace.Streaming.PhaseProtocolClient:HandleTextMessageAsync (string)
VRWorkspace.Streaming.PhaseProtocolClient/<ReceiveLoopAsync>d__93:MoveNext () (at Assets/VR-Workspace/Scripts/Streaming/PhaseProtocolClient.cs:397)
UnityEngine.UnitySynchronizationContext:ExecuteTasks ()

[RTTRemoteMenuController#1] Update #3301, vm=OK, rig=OK, phase=Streaming, streaming=True, panels=Count=2, goActive=True
UnityEngine.Debug:Log (object)
RTTRemoteMenuController:Update () (at Assets/VR-Workspace/Scripts/UI/RTT/Controllers/RTTRemoteMenuController.cs:239)

[PhaseProtocol] PC0 FRAME STALL detected! No frames for 13.9s (frames received: 1)
UnityEngine.Debug:LogWarning (object)
VRWorkspace.Streaming.PhaseProtocolClient/<FrameStallMonitorAsync>d__130:MoveNext () (at Assets/VR-Workspace/Scripts/Streaming/PhaseProtocolClient.cs:1930)
UnityEngine.UnitySynchronizationContext:ExecuteTasks ()

[PhaseProtocol] PC1 FRAME STALL detected! No frames for 13.9s (frames received: 1)
UnityEngine.Debug:LogWarning (object)
VRWorkspace.Streaming.PhaseProtocolClient/<FrameStallMonitorAsync>d__130:MoveNext () (at Assets/VR-Workspace/Scripts/Streaming/PhaseProtocolClient.cs:1930)
UnityEngine.UnitySynchronizationContext:ExecuteTasks ()

[PhaseProtocol] PollTextures PC0: track=valid, tex=1920x1080, cached=set, frames=1, lastFrame=14070ms ago
UnityEngine.Debug:Log (object)
VRWorkspace.Streaming.PhaseProtocolClient:PollTextures () (at Assets/VR-Workspace/Scripts/Streaming/PhaseProtocolClient.cs:2176)
VRWorkspace.ViewModels.ConnectionViewModel:PollTextures () (at Assets/VR-Workspace/Scripts/ViewModels/ConnectionViewModel.cs:387)
RTTRemoteMenuController:Update () (at Assets/VR-Workspace/Scripts/UI/RTT/Controllers/RTTRemoteMenuController.cs:261)

[PhaseProtocol] Received: {"type":"frameTiming","serverTime":1767332543643,"currentFrame":849,"recentFrames":[{"frameNum":840,...
UnityEngine.Debug:Log (object)
VRWorkspace.Streaming.PhaseProtocolClient/<HandleTextMessageAsync>d__94:MoveNext () (at Assets/VR-Workspace/Scripts/Streaming/PhaseProtocolClient.cs:420)
System.Runtime.CompilerServices.AsyncTaskMethodBuilder:Start<VRWorkspace.Streaming.PhaseProtocolClient/<HandleTextMessageAsync>d__94> (VRWorkspace.Streaming.PhaseProtocolClient/<HandleTextMessageAsync>d__94&)
VRWorkspace.Streaming.PhaseProtocolClient:HandleTextMessageAsync (string)
VRWorkspace.Streaming.PhaseProtocolClient/<ReceiveLoopAsync>d__93:MoveNext () (at Assets/VR-Workspace/Scripts/Streaming/PhaseProtocolClient.cs:397)
UnityEngine.UnitySynchronizationContext:ExecuteTasks ()

[RTTRemoteMenuController#1] Update #3361, vm=OK, rig=OK, phase=Streaming, streaming=True, panels=Count=2, goActive=True
UnityEngine.Debug:Log (object)
RTTRemoteMenuController:Update () (at Assets/VR-Workspace/Scripts/UI/RTT/Controllers/RTTRemoteMenuController.cs:239)

[PhaseProtocol] PollTextures PC0: track=valid, tex=1920x1080, cached=set, frames=1, lastFrame=15070ms ago
UnityEngine.Debug:Log (object)
VRWorkspace.Streaming.PhaseProtocolClient:PollTextures () (at Assets/VR-Workspace/Scripts/Streaming/PhaseProtocolClient.cs:2176)
VRWorkspace.ViewModels.ConnectionViewModel:PollTextures () (at Assets/VR-Workspace/Scripts/ViewModels/ConnectionViewModel.cs:387)
RTTRemoteMenuController:Update () (at Assets/VR-Workspace/Scripts/UI/RTT/Controllers/RTTRemoteMenuController.cs:261)

[PhaseProtocol] Received: {"type":"frameTiming","serverTime":1767332544664,"currentFrame":912,"recentFrames":[{"frameNum":903,...
UnityEngine.Debug:Log (object)
VRWorkspace.Streaming.PhaseProtocolClient/<HandleTextMessageAsync>d__94:MoveNext () (at Assets/VR-Workspace/Scripts/Streaming/PhaseProtocolClient.cs:420)
System.Runtime.CompilerServices.AsyncTaskMethodBuilder:Start<VRWorkspace.Streaming.PhaseProtocolClient/<HandleTextMessageAsync>d__94> (VRWorkspace.Streaming.PhaseProtocolClient/<HandleTextMessageAsync>d__94&)
VRWorkspace.Streaming.PhaseProtocolClient:HandleTextMessageAsync (string)
VRWorkspace.Streaming.PhaseProtocolClient/<ReceiveLoopAsync>d__93:MoveNext () (at Assets/VR-Workspace/Scripts/Streaming/PhaseProtocolClient.cs:397)
UnityEngine.UnitySynchronizationContext:ExecuteTasks ()

[RTTRemoteMenuController#1] Update #3421, vm=OK, rig=OK, phase=Streaming, streaming=True, panels=Count=2, goActive=True
UnityEngine.Debug:Log (object)
RTTRemoteMenuController:Update () (at Assets/VR-Workspace/Scripts/UI/RTT/Controllers/RTTRemoteMenuController.cs:239)

[PhaseProtocol] PC0 FRAME STALL detected! No frames for 15.9s (frames received: 1)
UnityEngine.Debug:LogWarning (object)
VRWorkspace.Streaming.PhaseProtocolClient/<FrameStallMonitorAsync>d__130:MoveNext () (at Assets/VR-Workspace/Scripts/Streaming/PhaseProtocolClient.cs:1930)
UnityEngine.UnitySynchronizationContext:ExecuteTasks ()

[PhaseProtocol] PC1 FRAME STALL detected! No frames for 15.9s (frames received: 1)
UnityEngine.Debug:LogWarning (object)
VRWorkspace.Streaming.PhaseProtocolClient/<FrameStallMonitorAsync>d__130:MoveNext () (at Assets/VR-Workspace/Scripts/Streaming/PhaseProtocolClient.cs:1930)
UnityEngine.UnitySynchronizationContext:ExecuteTasks ()

[PhaseProtocol] PollTextures PC0: track=valid, tex=1920x1080, cached=set, frames=1, lastFrame=16071ms ago
UnityEngine.Debug:Log (object)
VRWorkspace.Streaming.PhaseProtocolClient:PollTextures () (at Assets/VR-Workspace/Scripts/Streaming/PhaseProtocolClient.cs:2176)
VRWorkspace.ViewModels.ConnectionViewModel:PollTextures () (at Assets/VR-Workspace/Scripts/ViewModels/ConnectionViewModel.cs:387)
RTTRemoteMenuController:Update () (at Assets/VR-Workspace/Scripts/UI/RTT/Controllers/RTTRemoteMenuController.cs:261)

[PhaseProtocol] Received: {"type":"frameTiming","serverTime":1767332545690,"currentFrame":976,"recentFrames":[{"frameNum":967,...
UnityEngine.Debug:Log (object)
VRWorkspace.Streaming.PhaseProtocolClient/<HandleTextMessageAsync>d__94:MoveNext () (at Assets/VR-Workspace/Scripts/Streaming/PhaseProtocolClient.cs:420)
System.Runtime.CompilerServices.AsyncTaskMethodBuilder:Start<VRWorkspace.Streaming.PhaseProtocolClient/<HandleTextMessageAsync>d__94> (VRWorkspace.Streaming.PhaseProtocolClient/<HandleTextMessageAsync>d__94&)
VRWorkspace.Streaming.PhaseProtocolClient:HandleTextMessageAsync (string)
VRWorkspace.Streaming.PhaseProtocolClient/<ReceiveLoopAsync>d__93:MoveNext () (at Assets/VR-Workspace/Scripts/Streaming/PhaseProtocolClient.cs:397)
UnityEngine.UnitySynchronizationContext:ExecuteTasks ()

[RTTRemoteMenuController#1] Update #3481, vm=OK, rig=OK, phase=Streaming, streaming=True, panels=Count=2, goActive=True
UnityEngine.Debug:Log (object)
RTTRemoteMenuController:Update () (at Assets/VR-Workspace/Scripts/UI/RTT/Controllers/RTTRemoteMenuController.cs:239)

[PhaseProtocol] PollTextures PC0: track=valid, tex=1920x1080, cached=set, frames=1, lastFrame=17070ms ago
UnityEngine.Debug:Log (object)
VRWorkspace.Streaming.PhaseProtocolClient:PollTextures () (at Assets/VR-Workspace/Scripts/Streaming/PhaseProtocolClient.cs:2176)
VRWorkspace.ViewModels.ConnectionViewModel:PollTextures () (at Assets/VR-Workspace/Scripts/ViewModels/ConnectionViewModel.cs:387)
RTTRemoteMenuController:Update () (at Assets/VR-Workspace/Scripts/UI/RTT/Controllers/RTTRemoteMenuController.cs:261)

[PhaseProtocol] Received: {"type":"frameTiming","serverTime":1767332546713,"currentFrame":1038,"recentFrames":[{"frameNum":102...
UnityEngine.Debug:Log (object)
VRWorkspace.Streaming.PhaseProtocolClient/<HandleTextMessageAsync>d__94:MoveNext () (at Assets/VR-Workspace/Scripts/Streaming/PhaseProtocolClient.cs:420)
System.Runtime.CompilerServices.AsyncTaskMethodBuilder:Start<VRWorkspace.Streaming.PhaseProtocolClient/<HandleTextMessageAsync>d__94> (VRWorkspace.Streaming.PhaseProtocolClient/<HandleTextMessageAsync>d__94&)
VRWorkspace.Streaming.PhaseProtocolClient:HandleTextMessageAsync (string)
VRWorkspace.Streaming.PhaseProtocolClient/<ReceiveLoopAsync>d__93:MoveNext () (at Assets/VR-Workspace/Scripts/Streaming/PhaseProtocolClient.cs:397)
UnityEngine.UnitySynchronizationContext:ExecuteTasks ()

[PhaseProtocol] Parsed type='frameTiming' from message len=546
UnityEngine.Debug:Log (object)
VRWorkspace.Streaming.PhaseProtocolClient/<HandleTextMessageAsync>d__94:MoveNext () (at Assets/VR-Workspace/Scripts/Streaming/PhaseProtocolClient.cs:431)
System.Runtime.CompilerServices.AsyncTaskMethodBuilder:Start<VRWorkspace.Streaming.PhaseProtocolClient/<HandleTextMessageAsync>d__94> (VRWorkspace.Streaming.PhaseProtocolClient/<HandleTextMessageAsync>d__94&)
VRWorkspace.Streaming.PhaseProtocolClient:HandleTextMessageAsync (string)
VRWorkspace.Streaming.PhaseProtocolClient/<ReceiveLoopAsync>d__93:MoveNext () (at Assets/VR-Workspace/Scripts/Streaming/PhaseProtocolClient.cs:397)
UnityEngine.UnitySynchronizationContext:ExecuteTasks ()

[RTTRemoteMenuController#1] Update #3541, vm=OK, rig=OK, phase=Streaming, streaming=True, panels=Count=2, goActive=True
UnityEngine.Debug:Log (object)
RTTRemoteMenuController:Update () (at Assets/VR-Workspace/Scripts/UI/RTT/Controllers/RTTRemoteMenuController.cs:239)

[PhaseProtocol] PC0 FRAME STALL detected! No frames for 17.9s (frames received: 1)
UnityEngine.Debug:LogWarning (object)
VRWorkspace.Streaming.PhaseProtocolClient/<FrameStallMonitorAsync>d__130:MoveNext () (at Assets/VR-Workspace/Scripts/Streaming/PhaseProtocolClient.cs:1930)
UnityEngine.UnitySynchronizationContext:ExecuteTasks ()

[PhaseProtocol] PC1 FRAME STALL detected! No frames for 17.9s (frames received: 1)
UnityEngine.Debug:LogWarning (object)
VRWorkspace.Streaming.PhaseProtocolClient/<FrameStallMonitorAsync>d__130:MoveNext () (at Assets/VR-Workspace/Scripts/Streaming/PhaseProtocolClient.cs:1930)
UnityEngine.UnitySynchronizationContext:ExecuteTasks ()

[PhaseProtocol] PollTextures PC0: track=valid, tex=1920x1080, cached=set, frames=1, lastFrame=18070ms ago
UnityEngine.Debug:Log (object)
VRWorkspace.Streaming.PhaseProtocolClient:PollTextures () (at Assets/VR-Workspace/Scripts/Streaming/PhaseProtocolClient.cs:2176)
VRWorkspace.ViewModels.ConnectionViewModel:PollTextures () (at Assets/VR-Workspace/Scripts/ViewModels/ConnectionViewModel.cs:387)
RTTRemoteMenuController:Update () (at Assets/VR-Workspace/Scripts/UI/RTT/Controllers/RTTRemoteMenuController.cs:261)

[PhaseProtocol] Received: {"type":"frameTiming","serverTime":1767332547734,"currentFrame":1101,"recentFrames":[{"frameNum":109...
UnityEngine.Debug:Log (object)
VRWorkspace.Streaming.PhaseProtocolClient/<HandleTextMessageAsync>d__94:MoveNext () (at Assets/VR-Workspace/Scripts/Streaming/PhaseProtocolClient.cs:420)
System.Runtime.CompilerServices.AsyncTaskMethodBuilder:Start<VRWorkspace.Streaming.PhaseProtocolClient/<HandleTextMessageAsync>d__94> (VRWorkspace.Streaming.PhaseProtocolClient/<HandleTextMessageAsync>d__94&)
VRWorkspace.Streaming.PhaseProtocolClient:HandleTextMessageAsync (string)
VRWorkspace.Streaming.PhaseProtocolClient/<ReceiveLoopAsync>d__93:MoveNext () (at Assets/VR-Workspace/Scripts/Streaming/PhaseProtocolClient.cs:397)
UnityEngine.UnitySynchronizationContext:ExecuteTasks ()

[RTTRemoteMenuController#1] Update #3601, vm=OK, rig=OK, phase=Streaming, streaming=True, panels=Count=2, goActive=True
UnityEngine.Debug:Log (object)
RTTRemoteMenuController:Update () (at Assets/VR-Workspace/Scripts/UI/RTT/Controllers/RTTRemoteMenuController.cs:239)

[PhaseProtocol] PollTextures PC0: track=valid, tex=1920x1080, cached=set, frames=1, lastFrame=19070ms ago
UnityEngine.Debug:Log (object)
VRWorkspace.Streaming.PhaseProtocolClient:PollTextures () (at Assets/VR-Workspace/Scripts/Streaming/PhaseProtocolClient.cs:2176)
VRWorkspace.ViewModels.ConnectionViewModel:PollTextures () (at Assets/VR-Workspace/Scripts/ViewModels/ConnectionViewModel.cs:387)
RTTRemoteMenuController:Update () (at Assets/VR-Workspace/Scripts/UI/RTT/Controllers/RTTRemoteMenuController.cs:261)

[PhaseProtocol] Received: {"type":"frameTiming","serverTime":1767332548757,"currentFrame":1162,"recentFrames":[{"frameNum":115...
UnityEngine.Debug:Log (object)
VRWorkspace.Streaming.PhaseProtocolClient/<HandleTextMessageAsync>d__94:MoveNext () (at Assets/VR-Workspace/Scripts/Streaming/PhaseProtocolClient.cs:420)
System.Runtime.CompilerServices.AsyncTaskMethodBuilder:Start<VRWorkspace.Streaming.PhaseProtocolClient/<HandleTextMessageAsync>d__94> (VRWorkspace.Streaming.PhaseProtocolClient/<HandleTextMessageAsync>d__94&)
VRWorkspace.Streaming.PhaseProtocolClient:HandleTextMessageAsync (string)
VRWorkspace.Streaming.PhaseProtocolClient/<ReceiveLoopAsync>d__93:MoveNext () (at Assets/VR-Workspace/Scripts/Streaming/PhaseProtocolClient.cs:397)
UnityEngine.UnitySynchronizationContext:ExecuteTasks ()

[RTTRemoteMenuController#1] OnDisable - CONTROLLER DISABLED! parent=RTTManager, parentActive=False
UnityEngine.Debug:LogWarning (object)
RTTRemoteMenuController:OnDisable () (at Assets/VR-Workspace/Scripts/UI/RTT/Controllers/RTTRemoteMenuController.cs:65)

[RTTRemoteMenu] OnDestroy called - this will stop all coroutines including CreateSidePanelContent!
UnityEngine.Debug:Log (object)
RTTRemoteMenu:OnDestroy () (at Assets/VR-Workspace/Scripts/UI/RTT/Components/RTTRemoteMenu.cs:1790)

[PhaseProtocol] Stopping...
UnityEngine.Debug:Log (object)
VRWorkspace.Streaming.PhaseProtocolClient/<StopAsync>d__82:MoveNext () (at Assets/VR-Workspace/Scripts/Streaming/PhaseProtocolClient.cs:233)
System.Runtime.CompilerServices.AsyncTaskMethodBuilder:Start<VRWorkspace.Streaming.PhaseProtocolClient/<StopAsync>d__82> (VRWorkspace.Streaming.PhaseProtocolClient/<StopAsync>d__82&)
VRWorkspace.Streaming.PhaseProtocolClient:StopAsync ()
VRWorkspace.ViewModels.ConnectionViewModel/<DisconnectAsync>d__80:MoveNext () (at Assets/VR-Workspace/Scripts/ViewModels/ConnectionViewModel.cs:180)
System.Runtime.CompilerServices.AsyncTaskMethodBuilder:Start<VRWorkspace.ViewModels.ConnectionViewModel/<DisconnectAsync>d__80> (VRWorkspace.ViewModels.ConnectionViewModel/<DisconnectAsync>d__80&)
VRWorkspace.ViewModels.ConnectionViewModel:DisconnectAsync ()
ClusterAutoBinder/<StopStreaming>d__47:MoveNext () (at Assets/VR-Workspace/Scripts/Cluster/ClusterAutoBinder.cs:410)
System.Runtime.CompilerServices.AsyncVoidMethodBuilder:Start<ClusterAutoBinder/<StopStreaming>d__47> (ClusterAutoBinder/<StopStreaming>d__47&)
ClusterAutoBinder:StopStreaming ()
ClusterAutoBinder:OnDestroy () (at Assets/VR-Workspace/Scripts/Cluster/ClusterAutoBinder.cs:477)

[AndroidHelper] Screen sleep: system default
UnityEngine.Debug:Log (object)
VRWorkspace.Streaming.AndroidStreamingHelper:SetKeepScreenOn (bool) (at Assets/VR-Workspace/Scripts/Streaming/AndroidStreamingHelper.cs:175)
VRWorkspace.Streaming.PhaseProtocolClient/<StopAsync>d__82:MoveNext () (at Assets/VR-Workspace/Scripts/Streaming/PhaseProtocolClient.cs:239)
System.Runtime.CompilerServices.AsyncTaskMethodBuilder:Start<VRWorkspace.Streaming.PhaseProtocolClient/<StopAsync>d__82> (VRWorkspace.Streaming.PhaseProtocolClient/<StopAsync>d__82&)
VRWorkspace.Streaming.PhaseProtocolClient:StopAsync ()
VRWorkspace.ViewModels.ConnectionViewModel/<DisconnectAsync>d__80:MoveNext () (at Assets/VR-Workspace/Scripts/ViewModels/ConnectionViewModel.cs:180)
System.Runtime.CompilerServices.AsyncTaskMethodBuilder:Start<VRWorkspace.ViewModels.ConnectionViewModel/<DisconnectAsync>d__80> (VRWorkspace.ViewModels.ConnectionViewModel/<DisconnectAsync>d__80&)
VRWorkspace.ViewModels.ConnectionViewModel:DisconnectAsync ()
ClusterAutoBinder/<StopStreaming>d__47:MoveNext () (at Assets/VR-Workspace/Scripts/Cluster/ClusterAutoBinder.cs:410)
System.Runtime.CompilerServices.AsyncVoidMethodBuilder:Start<ClusterAutoBinder/<StopStreaming>d__47> (ClusterAutoBinder/<StopStreaming>d__47&)
ClusterAutoBinder:StopStreaming ()
ClusterAutoBinder:OnDestroy () (at Assets/VR-Workspace/Scripts/Cluster/ClusterAutoBinder.cs:477)

[PhaseProtocol] Stopping...
UnityEngine.Debug:Log (object)
VRWorkspace.Streaming.PhaseProtocolClient/<StopAsync>d__82:MoveNext () (at Assets/VR-Workspace/Scripts/Streaming/PhaseProtocolClient.cs:233)
System.Runtime.CompilerServices.AsyncTaskMethodBuilder:Start<VRWorkspace.Streaming.PhaseProtocolClient/<StopAsync>d__82> (VRWorkspace.Streaming.PhaseProtocolClient/<StopAsync>d__82&)
VRWorkspace.Streaming.PhaseProtocolClient:StopAsync ()
VRWorkspace.ViewModels.ConnectionViewModel/<DisconnectAsync>d__80:MoveNext () (at Assets/VR-Workspace/Scripts/ViewModels/ConnectionViewModel.cs:180)
System.Runtime.CompilerServices.AsyncTaskMethodBuilder:Start<VRWorkspace.ViewModels.ConnectionViewModel/<DisconnectAsync>d__80> (VRWorkspace.ViewModels.ConnectionViewModel/<DisconnectAsync>d__80&)
VRWorkspace.ViewModels.ConnectionViewModel:DisconnectAsync ()
ClusterAutoBinder/<StopStreaming>d__47:MoveNext () (at Assets/VR-Workspace/Scripts/Cluster/ClusterAutoBinder.cs:410)
System.Runtime.CompilerServices.AsyncVoidMethodBuilder:Start<ClusterAutoBinder/<StopStreaming>d__47> (ClusterAutoBinder/<StopStreaming>d__47&)
ClusterAutoBinder:StopStreaming ()
RemoteConnectionPipeline:StopStreaming () (at Assets/VR-Workspace/Scripts/Services/RemoteDesktop/RemoteConnectionPipeline.cs:128)
RTTRemoteMenuController:Cleanup () (at Assets/VR-Workspace/Scripts/UI/RTT/Controllers/RTTRemoteMenuController.cs:173)
System.Reflection.MethodBase:Invoke (object,object[])
RTTManager:CloseAppInternal (string,bool) (at Assets/VR-Workspace/Scripts/UI/RTT/Core/RTTManager.cs:999)
RTTManager:OnDestroy () (at Assets/VR-Workspace/Scripts/UI/RTT/Core/RTTManager.cs:252)

[AndroidHelper] Screen sleep: system default
UnityEngine.Debug:Log (object)
VRWorkspace.Streaming.AndroidStreamingHelper:SetKeepScreenOn (bool) (at Assets/VR-Workspace/Scripts/Streaming/AndroidStreamingHelper.cs:175)
VRWorkspace.Streaming.PhaseProtocolClient/<StopAsync>d__82:MoveNext () (at Assets/VR-Workspace/Scripts/Streaming/PhaseProtocolClient.cs:239)
System.Runtime.CompilerServices.AsyncTaskMethodBuilder:Start<VRWorkspace.Streaming.PhaseProtocolClient/<StopAsync>d__82> (VRWorkspace.Streaming.PhaseProtocolClient/<StopAsync>d__82&)
VRWorkspace.Streaming.PhaseProtocolClient:StopAsync ()
VRWorkspace.ViewModels.ConnectionViewModel/<DisconnectAsync>d__80:MoveNext () (at Assets/VR-Workspace/Scripts/ViewModels/ConnectionViewModel.cs:180)
System.Runtime.CompilerServices.AsyncTaskMethodBuilder:Start<VRWorkspace.ViewModels.ConnectionViewModel/<DisconnectAsync>d__80> (VRWorkspace.ViewModels.ConnectionViewModel/<DisconnectAsync>d__80&)
VRWorkspace.ViewModels.ConnectionViewModel:DisconnectAsync ()
ClusterAutoBinder/<StopStreaming>d__47:MoveNext () (at Assets/VR-Workspace/Scripts/Cluster/ClusterAutoBinder.cs:410)
System.Runtime.CompilerServices.AsyncVoidMethodBuilder:Start<ClusterAutoBinder/<StopStreaming>d__47> (ClusterAutoBinder/<StopStreaming>d__47&)
ClusterAutoBinder:StopStreaming ()
RemoteConnectionPipeline:StopStreaming () (at Assets/VR-Workspace/Scripts/Services/RemoteDesktop/RemoteConnectionPipeline.cs:128)
RTTRemoteMenuController:Cleanup () (at Assets/VR-Workspace/Scripts/UI/RTT/Controllers/RTTRemoteMenuController.cs:173)
System.Reflection.MethodBase:Invoke (object,object[])
RTTManager:CloseAppInternal (string,bool) (at Assets/VR-Workspace/Scripts/UI/RTT/Core/RTTManager.cs:999)
RTTManager:OnDestroy () (at Assets/VR-Workspace/Scripts/UI/RTT/Core/RTTManager.cs:252)

[RTTRemoteMenuController#1] Streaming stopped
UnityEngine.Debug:Log (object)
RTTRemoteMenuController:HandleStreamingStateChanged (bool) (at Assets/VR-Workspace/Scripts/UI/RTT/Controllers/RTTRemoteMenuController.cs:513)
VRWorkspace.Core.ObservableProperty`1/<>c__DisplayClass12_0<bool>:<NotifyChanged>b__0 () (at Assets/VR-Workspace/Scripts/Core/ObservableProperty.cs:114)
VRWorkspace.Core.MainThreadDispatcher:Enqueue (System.Action) (at Assets/VR-Workspace/Scripts/Core/MainThreadDispatcher.cs:122)
VRWorkspace.Core.ObservableProperty`1<bool>:NotifyChanged (bool) (at Assets/VR-Workspace/Scripts/Core/ObservableProperty.cs:114)
VRWorkspace.Core.ObservableProperty`1<bool>:set_Value (bool) (at Assets/VR-Workspace/Scripts/Core/ObservableProperty.cs:79)
VRWorkspace.ViewModels.ConnectionViewModel:ResetAllState () (at Assets/VR-Workspace/Scripts/ViewModels/ConnectionViewModel.cs:251)
VRWorkspace.ViewModels.ConnectionViewModel:ResetState () (at Assets/VR-Workspace/Scripts/ViewModels/ConnectionViewModel.cs:199)
RTTRemoteMenuController:Cleanup () (at Assets/VR-Workspace/Scripts/UI/RTT/Controllers/RTTRemoteMenuController.cs:181)
System.Reflection.MethodBase:Invoke (object,object[])
RTTManager:CloseAppInternal (string,bool) (at Assets/VR-Workspace/Scripts/UI/RTT/Core/RTTManager.cs:999)
RTTManager:OnDestroy () (at Assets/VR-Workspace/Scripts/UI/RTT/Core/RTTManager.cs:252)

[ConnectionViewModel] All state reset to initial values
UnityEngine.Debug:Log (object)
VRWorkspace.ViewModels.ConnectionViewModel:ResetAllState () (at Assets/VR-Workspace/Scripts/ViewModels/ConnectionViewModel.cs:275)
VRWorkspace.ViewModels.ConnectionViewModel:ResetState () (at Assets/VR-Workspace/Scripts/ViewModels/ConnectionViewModel.cs:199)
RTTRemoteMenuController:Cleanup () (at Assets/VR-Workspace/Scripts/UI/RTT/Controllers/RTTRemoteMenuController.cs:181)
System.Reflection.MethodBase:Invoke (object,object[])
RTTManager:CloseAppInternal (string,bool) (at Assets/VR-Workspace/Scripts/UI/RTT/Core/RTTManager.cs:999)
RTTManager:OnDestroy () (at Assets/VR-Workspace/Scripts/UI/RTT/Core/RTTManager.cs:252)

[PhaseProtocol] Stopping...
UnityEngine.Debug:Log (object)
VRWorkspace.Streaming.PhaseProtocolClient/<StopAsync>d__82:MoveNext () (at Assets/VR-Workspace/Scripts/Streaming/PhaseProtocolClient.cs:233)
System.Runtime.CompilerServices.AsyncTaskMethodBuilder:Start<VRWorkspace.Streaming.PhaseProtocolClient/<StopAsync>d__82> (VRWorkspace.Streaming.PhaseProtocolClient/<StopAsync>d__82&)
VRWorkspace.Streaming.PhaseProtocolClient:StopAsync ()
VRWorkspace.ViewModels.ConnectionViewModel/<StopClientAsync>d__82:MoveNext () (at Assets/VR-Workspace/Scripts/ViewModels/ConnectionViewModel.cs:220)
System.Runtime.CompilerServices.AsyncTaskMethodBuilder:Start<VRWorkspace.ViewModels.ConnectionViewModel/<StopClientAsync>d__82> (VRWorkspace.ViewModels.ConnectionViewModel/<StopClientAsync>d__82&)
VRWorkspace.ViewModels.ConnectionViewModel:StopClientAsync ()
RTTRemoteMenuController:Cleanup () (at Assets/VR-Workspace/Scripts/UI/RTT/Controllers/RTTRemoteMenuController.cs:184)
System.Reflection.MethodBase:Invoke (object,object[])
RTTManager:CloseAppInternal (string,bool) (at Assets/VR-Workspace/Scripts/UI/RTT/Core/RTTManager.cs:999)
RTTManager:OnDestroy () (at Assets/VR-Workspace/Scripts/UI/RTT/Core/RTTManager.cs:252)

[AndroidHelper] Screen sleep: system default
UnityEngine.Debug:Log (object)
VRWorkspace.Streaming.AndroidStreamingHelper:SetKeepScreenOn (bool) (at Assets/VR-Workspace/Scripts/Streaming/AndroidStreamingHelper.cs:175)
VRWorkspace.Streaming.PhaseProtocolClient/<StopAsync>d__82:MoveNext () (at Assets/VR-Workspace/Scripts/Streaming/PhaseProtocolClient.cs:239)
System.Runtime.CompilerServices.AsyncTaskMethodBuilder:Start<VRWorkspace.Streaming.PhaseProtocolClient/<StopAsync>d__82> (VRWorkspace.Streaming.PhaseProtocolClient/<StopAsync>d__82&)
VRWorkspace.Streaming.PhaseProtocolClient:StopAsync ()
VRWorkspace.ViewModels.ConnectionViewModel/<StopClientAsync>d__82:MoveNext () (at Assets/VR-Workspace/Scripts/ViewModels/ConnectionViewModel.cs:220)
System.Runtime.CompilerServices.AsyncTaskMethodBuilder:Start<VRWorkspace.ViewModels.ConnectionViewModel/<StopClientAsync>d__82> (VRWorkspace.ViewModels.ConnectionViewModel/<StopClientAsync>d__82&)
VRWorkspace.ViewModels.ConnectionViewModel:StopClientAsync ()
RTTRemoteMenuController:Cleanup () (at Assets/VR-Workspace/Scripts/UI/RTT/Controllers/RTTRemoteMenuController.cs:184)
System.Reflection.MethodBase:Invoke (object,object[])
RTTManager:CloseAppInternal (string,bool) (at Assets/VR-Workspace/Scripts/UI/RTT/Core/RTTManager.cs:999)
RTTManager:OnDestroy () (at Assets/VR-Workspace/Scripts/UI/RTT/Core/RTTManager.cs:252)

[RTTRemoteMenuController] Cleanup complete - connection state reset
UnityEngine.Debug:Log (object)
RTTRemoteMenuController:Cleanup () (at Assets/VR-Workspace/Scripts/UI/RTT/Controllers/RTTRemoteMenuController.cs:218)
System.Reflection.MethodBase:Invoke (object,object[])
RTTManager:CloseAppInternal (string,bool) (at Assets/VR-Workspace/Scripts/UI/RTT/Core/RTTManager.cs:999)
RTTManager:OnDestroy () (at Assets/VR-Workspace/Scripts/UI/RTT/Core/RTTManager.cs:252)

[RTTTaskbar] App button 0 selected
UnityEngine.Debug:Log (object)
RTTTaskbar:SelectAppButton (int) (at Assets/VR-Workspace/Scripts/UI/RTT/Components/RTTTaskbar.cs:1060)
RTTTaskbar:UnregisterApp (int) (at Assets/VR-Workspace/Scripts/UI/RTT/Components/RTTTaskbar.cs:1244)
RTTManager:CloseAppInternal (string,bool) (at Assets/VR-Workspace/Scripts/UI/RTT/Core/RTTManager.cs:1011)
RTTManager:OnDestroy () (at Assets/VR-Workspace/Scripts/UI/RTT/Core/RTTManager.cs:252)

[RTTTaskbar] Unregistered app from slot 1
UnityEngine.Debug:Log (object)
RTTTaskbar:UnregisterApp (int) (at Assets/VR-Workspace/Scripts/UI/RTT/Components/RTTTaskbar.cs:1254)
RTTManager:CloseAppInternal (string,bool) (at Assets/VR-Workspace/Scripts/UI/RTT/Core/RTTManager.cs:1011)
RTTManager:OnDestroy () (at Assets/VR-Workspace/Scripts/UI/RTT/Core/RTTManager.cs:252)

[RTTManager] Closed app: remote
UnityEngine.Debug:Log (object)
RTTManager:CloseAppInternal (string,bool) (at Assets/VR-Workspace/Scripts/UI/RTT/Core/RTTManager.cs:1014)
RTTManager:OnDestroy () (at Assets/VR-Workspace/Scripts/UI/RTT/Core/RTTManager.cs:252)

[RTTRemoteMenuController#1] OnDestroy - CONTROLLER DESTROYED!
UnityEngine.Debug:LogWarning (object)
RTTRemoteMenuController:OnDestroy () (at Assets/VR-Workspace/Scripts/UI/RTT/Controllers/RTTRemoteMenuController.cs:72)

[PhaseProtocol] PC0 FRAME STALL detected! No frames for 20.1s (frames received: 1)
UnityEngine.Debug:LogWarning (object)
VRWorkspace.Streaming.PhaseProtocolClient/<FrameStallMonitorAsync>d__130:MoveNext () (at Assets/VR-Workspace/Scripts/Streaming/PhaseProtocolClient.cs:1930)
UnityEngine.UnitySynchronizationContext:ExecuteTasks ()

[PhaseProtocol] PC1 FRAME STALL detected! No frames for 20.0s (frames received: 1)
UnityEngine.Debug:LogWarning (object)
VRWorkspace.Streaming.PhaseProtocolClient/<FrameStallMonitorAsync>d__130:MoveNext () (at Assets/VR-Workspace/Scripts/Streaming/PhaseProtocolClient.cs:1930)
UnityEngine.UnitySynchronizationContext:ExecuteTasks ()

[PhaseProtocol] PC0 FRAME STALL detected! No frames for 22.1s (frames received: 1)
UnityEngine.Debug:LogWarning (object)
VRWorkspace.Streaming.PhaseProtocolClient/<FrameStallMonitorAsync>d__130:MoveNext () (at Assets/VR-Workspace/Scripts/Streaming/PhaseProtocolClient.cs:1930)
UnityEngine.UnitySynchronizationContext:ExecuteTasks ()

[PhaseProtocol] PC1 FRAME STALL detected! No frames for 22.1s (frames received: 1)
UnityEngine.Debug:LogWarning (object)
VRWorkspace.Streaming.PhaseProtocolClient/<FrameStallMonitorAsync>d__130:MoveNext () (at Assets/VR-Workspace/Scripts/Streaming/PhaseProtocolClient.cs:1930)
UnityEngine.UnitySynchronizationContext:ExecuteTasks ()

[PhaseProtocol] PC0 FRAME STALL detected! No frames for 24.1s (frames received: 1)
UnityEngine.Debug:LogWarning (object)
VRWorkspace.Streaming.PhaseProtocolClient/<FrameStallMonitorAsync>d__130:MoveNext () (at Assets/VR-Workspace/Scripts/Streaming/PhaseProtocolClient.cs:1930)
UnityEngine.UnitySynchronizationContext:ExecuteTasks ()

[PhaseProtocol] PC1 FRAME STALL detected! No frames for 24.1s (frames received: 1)
UnityEngine.Debug:LogWarning (object)
VRWorkspace.Streaming.PhaseProtocolClient/<FrameStallMonitorAsync>d__130:MoveNext () (at Assets/VR-Workspace/Scripts/Streaming/PhaseProtocolClient.cs:1930)
UnityEngine.UnitySynchronizationContext:ExecuteTasks ()

[PhaseProtocol] PC0 auto-heal: PC still Disconnected, initiating reconnect...
UnityEngine.Debug:Log (object)
VRWorkspace.Streaming.PhaseProtocolClient/<AutoHealMonitorAsync>d__128:MoveNext () (at Assets/VR-Workspace/Scripts/Streaming/PhaseProtocolClient.cs:1852)
UnityEngine.UnitySynchronizationContext:ExecuteTasks ()

[PhaseProtocol] Reconnecting PC0...
UnityEngine.Debug:Log (object)
VRWorkspace.Streaming.PhaseProtocolClient/<ReconnectMonitorAsync>d__126:MoveNext () (at Assets/VR-Workspace/Scripts/Streaming/PhaseProtocolClient.cs:1605)
System.Runtime.CompilerServices.AsyncTaskMethodBuilder:Start<VRWorkspace.Streaming.PhaseProtocolClient/<ReconnectMonitorAsync>d__126> (VRWorkspace.Streaming.PhaseProtocolClient/<ReconnectMonitorAsync>d__126&)
VRWorkspace.Streaming.PhaseProtocolClient:ReconnectMonitorAsync (int)
VRWorkspace.Streaming.PhaseProtocolClient/<AutoHealMonitorAsync>d__128:MoveNext () (at Assets/VR-Workspace/Scripts/Streaming/PhaseProtocolClient.cs:1856)
UnityEngine.UnitySynchronizationContext:ExecuteTasks ()

[PhaseProtocol] WebSocket closed by server
UnityEngine.Debug:Log (object)
VRWorkspace.Streaming.PhaseProtocolClient/<ReceiveLoopAsync>d__93:MoveNext () (at Assets/VR-Workspace/Scripts/Streaming/PhaseProtocolClient.cs:359)
UnityEngine.UnitySynchronizationContext:ExecuteTasks ()

[StateMachine] FORCE: Streaming -> Disconnected
UnityEngine.Debug:Log (object)
VRWorkspace.Streaming.ConnectionStateMachine:ForceTransition (VRWorkspace.Streaming.ConnectionPhase,string) (at Assets/VR-Workspace/Scripts/Streaming/ConnectionStateMachine.cs:137)
VRWorkspace.Streaming.PhaseProtocolClient/<ReceiveLoopAsync>d__93:MoveNext () (at Assets/VR-Workspace/Scripts/Streaming/PhaseProtocolClient.cs:360)
UnityEngine.UnitySynchronizationContext:ExecuteTasks ()

[PhaseProtocol] Frame stall monitor stopped
UnityEngine.Debug:Log (object)
VRWorkspace.Streaming.PhaseProtocolClient/<FrameStallMonitorAsync>d__130:MoveNext () (at Assets/VR-Workspace/Scripts/Streaming/PhaseProtocolClient.cs:1955)
System.Threading.CancellationTokenSource:Cancel ()
VRWorkspace.Streaming.PhaseProtocolClient:Cleanup () (at Assets/VR-Workspace/Scripts/Streaming/PhaseProtocolClient.cs:2201)
VRWorkspace.Streaming.PhaseProtocolClient/<StopAsync>d__82:MoveNext () (at Assets/VR-Workspace/Scripts/Streaming/PhaseProtocolClient.cs:253)
UnityEngine.UnitySynchronizationContext:ExecuteTasks ()

[StateMachine] FORCE: Disconnected -> Disconnected: Reset
UnityEngine.Debug:Log (object)
VRWorkspace.Streaming.ConnectionStateMachine:ForceTransition (VRWorkspace.Streaming.ConnectionPhase,string) (at Assets/VR-Workspace/Scripts/Streaming/ConnectionStateMachine.cs:137)
VRWorkspace.Streaming.ConnectionStateMachine:Reset () (at Assets/VR-Workspace/Scripts/Streaming/ConnectionStateMachine.cs:149)
VRWorkspace.Streaming.PhaseProtocolClient/<StopAsync>d__82:MoveNext () (at Assets/VR-Workspace/Scripts/Streaming/PhaseProtocolClient.cs:254)
UnityEngine.UnitySynchronizationContext:ExecuteTasks ()

[ConnectionViewModel] All state reset to initial values
UnityEngine.Debug:Log (object)
VRWorkspace.ViewModels.ConnectionViewModel:ResetAllState () (at Assets/VR-Workspace/Scripts/ViewModels/ConnectionViewModel.cs:275)
VRWorkspace.ViewModels.ConnectionViewModel/<DisconnectAsync>d__80:MoveNext () (at Assets/VR-Workspace/Scripts/ViewModels/ConnectionViewModel.cs:189)
System.Runtime.CompilerServices.AsyncTaskMethodBuilder:SetResult ()
VRWorkspace.Streaming.PhaseProtocolClient/<StopAsync>d__82:MoveNext () (at Assets/VR-Workspace/Scripts/Streaming/PhaseProtocolClient.cs:256)
UnityEngine.UnitySynchronizationContext:ExecuteTasks ()

[ClusterAutoBinder] Streaming stopped
UnityEngine.Debug:Log (object)
ClusterAutoBinder/<StopStreaming>d__47:MoveNext () (at Assets/VR-Workspace/Scripts/Cluster/ClusterAutoBinder.cs:430)
System.Runtime.CompilerServices.AsyncTaskMethodBuilder:SetResult ()
VRWorkspace.ViewModels.ConnectionViewModel/<DisconnectAsync>d__80:MoveNext () (at Assets/VR-Workspace/Scripts/ViewModels/ConnectionViewModel.cs:191)
System.Runtime.CompilerServices.AsyncTaskMethodBuilder:SetResult ()
VRWorkspace.Streaming.PhaseProtocolClient/<StopAsync>d__82:MoveNext () (at Assets/VR-Workspace/Scripts/Streaming/PhaseProtocolClient.cs:256)
UnityEngine.UnitySynchronizationContext:ExecuteTasks ()

